{
  "type": "FeatureCollection",
  "features": [
    {
      "type": "Feature",
      "geometry": {
        "type": "LineString",
        "coordinates": [
          [
            -9.0234,
            42.7352
          ],
          [
            -8.884646900461785,
            42.83686296664182
          ]
        ]
      },
      "properties": {
        "origen_nombre": "Dolmen de Axeitos",
        "origen_tipo": "Megalito",
        "fecha_origen": -3500,
        "subcapa": "align_stellar",
        "etiqueta_alineacion": "⭐ Puntería a Arturo (Boötes)",
        "acimut_grados": 45.0,
        "explicacion_alineacion": "Eje astronómico proyectado exactamente hacia la salida de Arturo (Boötes) en el año -3500 (Az 45.0°)."
      }
    },
    {
      "type": "Feature",
      "geometry": {
        "type": "LineString",
        "coordinates": [
          [
            -8.8734,
            43.2156
          ],
          [
            -8.702612762053697,
            43.14352715438498
          ]
        ]
      },
      "properties": {
        "origen_nombre": "Dolmen de Dombate",
        "origen_tipo": "Megalito",
        "fecha_origen": -3800,
        "subcapa": "align_solar",
        "etiqueta_alineacion": "☀️ Solsticio de Invierno",
        "acimut_grados": 120.0,
        "explicacion_alineacion": "Eje orientado a la salida del Sol en el Solsticio de Invierno en el año -3800 (Az 120.0°)."
      }
    },
    {
      "type": "Feature",
      "geometry": {
        "type": "LineString",
        "coordinates": [
          [
            -8.6234,
            42.0521
          ],
          [
            -8.45211704826704,
            42.11952569368233
          ]
        ]
      },
      "properties": {
        "origen_nombre": "Menhir de Loureza",
        "origen_tipo": "Megalito",
        "fecha_origen": -3000,
        "subcapa": "align_solar",
        "etiqueta_alineacion": "☀️ Solsticio de Verano",
        "acimut_grados": 62.0,
        "explicacion_alineacion": "Eje orientado a la salida del Sol en el Solsticio de Verano en el año -3000 (Az 62.0°)."
      }
    },
    {
      "type": "Feature",
      "geometry": {
        "type": "LineString",
        "coordinates": [
          [
            -8.3421,
            41.9234
          ],
          [
            -8.148707901007938,
            41.92323774942271
          ]
        ]
      },
      "properties": {
        "origen_nombre": "Dolmen de Mergaos",
        "origen_tipo": "Megalito",
        "fecha_origen": -3500,
        "subcapa": "align_solar",
        "etiqueta_alineacion": "☀️ Equinoccio (Este Puro)",
        "acimut_grados": 90.0,
        "explicacion_alineacion": "Eje de orientación equinoccial exacta hacia el orto solar (Az 90.0°)."
      }
    },
    {
      "type": "Feature",
      "geometry": {
        "type": "LineString",
        "coordinates": [
          [
            -8.1234,
            42.4521
          ],
          [
            -7.9578150188927,
            42.52823177985004
          ]
        ]
      },
      "properties": {
        "origen_nombre": "Tumulo de Monte dos Mouros",
        "origen_tipo": "Megalito",
        "fecha_origen": -4000,
        "subcapa": "align_solar",
        "etiqueta_alineacion": "☀️ Solsticio de Verano",
        "acimut_grados": 58.0,
        "explicacion_alineacion": "Eje orientado a la salida del Sol en el Solsticio de Verano en el año -4000 (Az 58.0°)."
      }
    },
    {
      "type": "Feature",
      "geometry": {
        "type": "LineString",
        "coordinates": [
          [
            -7.5234,
            41.8134
          ],
          [
            -7.33034037913316,
            41.81323837495096
          ]
        ]
      },
      "properties": {
        "origen_nombre": "Cromlech de Portela de Pau",
        "origen_tipo": "Megalito",
        "fecha_origen": -3200,
        "subcapa": "align_solar",
        "etiqueta_alineacion": "☀️ Equinoccio (Este Puro)",
        "acimut_grados": 90.0,
        "explicacion_alineacion": "Eje de orientación equinoccial exacta hacia el orto solar (Az 90.0°)."
      }
    },
    {
      "type": "Feature",
      "geometry": {
        "type": "LineString",
        "coordinates": [
          [
            -8.4521,
            43.0234
          ],
          [
            -8.281447550400541,
            43.09521905265834
          ]
        ]
      },
      "properties": {
        "origen_nombre": "Dolmen de Cabaleiros",
        "origen_tipo": "Megalito",
        "fecha_origen": -3500,
        "subcapa": "align_solar",
        "etiqueta_alineacion": "☀️ Solsticio de Verano",
        "acimut_grados": 60.0,
        "explicacion_alineacion": "Eje orientado a la salida del Sol en el Solsticio de Verano en el año -3500 (Az 60.0°)."
      }
    },
    {
      "type": "Feature",
      "geometry": {
        "type": "LineString",
        "coordinates": [
          [
            -8.6521,
            42.8234
          ],
          [
            -8.6521,
            42.679508543053004
          ]
        ]
      },
      "properties": {
        "origen_nombre": "Menhir de Fixon",
        "origen_tipo": "Megalito",
        "fecha_origen": -3000,
        "subcapa": "align_terrestrial",
        "etiqueta_alineacion": "⚡ Corriente Telúrica / Falla Local",
        "acimut_grados": 180.0,
        "explicacion_alineacion": "Orientación a la falla tectónica o vena de agua kárstica local bajo el corredor (Az 180.0°)."
      }
    },
    {
      "type": "Feature",
      "geometry": {
        "type": "LineString",
        "coordinates": [
          [
            -8.2341,
            43.1234
          ],
          [
            -8.094466502890933,
            43.22506182110502
          ]
        ]
      },
      "properties": {
        "origen_nombre": "Dolmen de Pedra da Arca",
        "origen_tipo": "Megalito",
        "fecha_origen": -3600,
        "subcapa": "align_stellar",
        "etiqueta_alineacion": "⭐ Puntería a Arturo (Boötes)",
        "acimut_grados": 45.0,
        "explicacion_alineacion": "Eje astronómico proyectado exactamente hacia la salida de Arturo (Boötes) en el año -3600 (Az 45.0°)."
      }
    },
    {
      "type": "Feature",
      "geometry": {
        "type": "LineString",
        "coordinates": [
          [
            -8.9521,
            42.6234
          ],
          [
            -8.813597220690644,
            42.72506329388246
          ]
        ]
      },
      "properties": {
        "origen_nombre": "Tumulo de Chan da Cruz",
        "origen_tipo": "Megalito",
        "fecha_origen": -4000,
        "subcapa": "align_stellar",
        "etiqueta_alineacion": "⭐ Puntería a Arturo (Boötes)",
        "acimut_grados": 45.0,
        "explicacion_alineacion": "Eje astronómico proyectado exactamente hacia la salida de Arturo (Boötes) en el año -4000 (Az 45.0°)."
      }
    },
    {
      "type": "Feature",
      "geometry": {
        "type": "LineString",
        "coordinates": [
          [
            -7.2341,
            42.5521
          ],
          [
            -7.136240093614283,
            42.67667207428399
          ]
        ]
      },
      "properties": {
        "origen_nombre": "Dolmen de Furna dos Mouros",
        "origen_tipo": "Megalito",
        "fecha_origen": -3500,
        "subcapa": "align_stellar",
        "etiqueta_alineacion": "⭐ Puntería a Vega (Lira)",
        "acimut_grados": 30.0,
        "explicacion_alineacion": "Eje astronómico proyectado exactamente hacia la salida de Vega (Lira) en el año -3500 (Az 30.0°)."
      }
    },
    {
      "type": "Feature",
      "geometry": {
        "type": "LineString",
        "coordinates": [
          [
            -8.4234,
            42.6521
          ],
          [
            -8.619042231144654,
            42.65193355025985
          ]
        ]
      },
      "properties": {
        "origen_nombre": "Menhir de Gargantans",
        "origen_tipo": "Megalito",
        "fecha_origen": -3000,
        "subcapa": "align_terrestrial",
        "etiqueta_alineacion": "⚡ Corriente Telúrica / Falla Local",
        "acimut_grados": 270.0,
        "explicacion_alineacion": "Orientación a la falla tectónica o vena de agua kárstica local bajo el corredor (Az 270.0°)."
      }
    },
    {
      "type": "Feature",
      "geometry": {
        "type": "LineString",
        "coordinates": [
          [
            -7.8234,
            43.3521
          ],
          [
            -7.625515906374865,
            43.35192942277924
          ]
        ]
      },
      "properties": {
        "origen_nombre": "Dolmen de Forno dos Mouros",
        "origen_tipo": "Megalito",
        "fecha_origen": -3700,
        "subcapa": "align_solar",
        "etiqueta_alineacion": "☀️ Equinoccio (Este Puro)",
        "acimut_grados": 90.0,
        "explicacion_alineacion": "Eje de orientación equinoccial exacta hacia el orto solar (Az 90.0°)."
      }
    },
    {
      "type": "Feature",
      "geometry": {
        "type": "LineString",
        "coordinates": [
          [
            -7.3234,
            41.7521
          ],
          [
            -7.132461458511833,
            41.73191609609981
          ]
        ]
      },
      "properties": {
        "origen_nombre": "Cromlech das Portelas",
        "origen_tipo": "Megalito",
        "fecha_origen": -3300,
        "subcapa": "align_solar",
        "etiqueta_alineacion": "☀️ Equinoccio (Este Puro)",
        "acimut_grados": 98.0,
        "explicacion_alineacion": "Eje de orientación equinoccial exacta hacia el orto solar (Az 98.0°)."
      }
    },
    {
      "type": "Feature",
      "geometry": {
        "type": "LineString",
        "coordinates": [
          [
            -8.1521,
            41.6234
          ],
          [
            -7.985212672611863,
            41.69522512484525
          ]
        ]
      },
      "properties": {
        "origen_nombre": "Dolmen de Pedra Moura",
        "origen_tipo": "Megalito",
        "fecha_origen": -3400,
        "subcapa": "align_solar",
        "etiqueta_alineacion": "☀️ Solsticio de Verano",
        "acimut_grados": 60.0,
        "explicacion_alineacion": "Eje orientado a la salida del Sol en el Solsticio de Verano en el año -3400 (Az 60.0°)."
      }
    },
    {
      "type": "Feature",
      "geometry": {
        "type": "LineString",
        "coordinates": [
          [
            -8.5234,
            41.1521
          ],
          [
            -8.35449505908414,
            41.2195296592518
          ]
        ]
      },
      "properties": {
        "origen_nombre": "Tumulo do Monte Mozinho",
        "origen_tipo": "Megalito",
        "fecha_origen": -4000,
        "subcapa": "align_solar",
        "etiqueta_alineacion": "☀️ Solsticio de Verano",
        "acimut_grados": 62.0,
        "explicacion_alineacion": "Eje orientado a la salida del Sol en el Solsticio de Verano en el año -4000 (Az 62.0°)."
      }
    },
    {
      "type": "Feature",
      "geometry": {
        "type": "LineString",
        "coordinates": [
          [
            -8.2341,
            41.5234
          ],
          [
            -8.041908073950994,
            41.523240013830595
          ]
        ]
      },
      "properties": {
        "origen_nombre": "Menhir de Bouça",
        "origen_tipo": "Megalito",
        "fecha_origen": -3000,
        "subcapa": "align_solar",
        "etiqueta_alineacion": "☀️ Equinoccio (Este Puro)",
        "acimut_grados": 90.0,
        "explicacion_alineacion": "Eje de orientación equinoccial exacta hacia el orto solar (Az 90.0°)."
      }
    },
    {
      "type": "Feature",
      "geometry": {
        "type": "LineString",
        "coordinates": [
          [
            -8.4521,
            41.3521
          ],
          [
            -8.316345564594705,
            41.453766934285426
          ]
        ]
      },
      "properties": {
        "origen_nombre": "Dolmen de Casota do Porco",
        "origen_tipo": "Megalito",
        "fecha_origen": -3500,
        "subcapa": "align_stellar",
        "etiqueta_alineacion": "⭐ Puntería a Arturo (Boötes)",
        "acimut_grados": 45.0,
        "explicacion_alineacion": "Eje astronómico proyectado exactamente hacia la salida de Arturo (Boötes) en el año -3500 (Az 45.0°)."
      }
    },
    {
      "type": "Feature",
      "geometry": {
        "type": "LineString",
        "coordinates": [
          [
            -7.8521,
            41.4234
          ],
          [
            -7.686097247431898,
            41.35133489206527
          ]
        ]
      },
      "properties": {
        "origen_nombre": "Dolmen de Chafurdo das Pombas",
        "origen_tipo": "Megalito",
        "fecha_origen": -3600,
        "subcapa": "align_solar",
        "etiqueta_alineacion": "☀️ Solsticio de Invierno",
        "acimut_grados": 120.0,
        "explicacion_alineacion": "Eje orientado a la salida del Sol en el Solsticio de Invierno en el año -3600 (Az 120.0°)."
      }
    },
    {
      "type": "Feature",
      "geometry": {
        "type": "LineString",
        "coordinates": [
          [
            -8.0521,
            38.5234
          ],
          [
            -7.896291111840909,
            38.447045862818875
          ]
        ]
      },
      "properties": {
        "origen_nombre": "Dolmen de Anta Grande do Zambujeiro",
        "origen_tipo": "Megalito",
        "fecha_origen": -3700,
        "subcapa": "align_solar",
        "etiqueta_alineacion": "☀️ Solsticio de Invierno",
        "acimut_grados": 122.0,
        "explicacion_alineacion": "Eje orientado a la salida del Sol en el Solsticio de Invierno en el año -3700 (Az 122.0°)."
      }
    },
    {
      "type": "Feature",
      "geometry": {
        "type": "LineString",
        "coordinates": [
          [
            -8.1234,
            43.4521
          ],
          [
            -7.98300719539658,
            43.55376083968184
          ]
        ]
      },
      "properties": {
        "origen_nombre": "Dolmen de Barrosa",
        "origen_tipo": "Megalito",
        "fecha_origen": -3500,
        "subcapa": "align_stellar",
        "etiqueta_alineacion": "⭐ Puntería a Arturo (Boötes)",
        "acimut_grados": 45.0,
        "explicacion_alineacion": "Eje astronómico proyectado exactamente hacia la salida de Arturo (Boötes) en el año -3500 (Az 45.0°)."
      }
    },
    {
      "type": "Feature",
      "geometry": {
        "type": "LineString",
        "coordinates": [
          [
            -8.5521,
            43.1234
          ],
          [
            -8.373605267445331,
            43.06245003806797
          ]
        ]
      },
      "properties": {
        "origen_nombre": "Menhir de Queixeiro",
        "origen_tipo": "Megalito",
        "fecha_origen": -3000,
        "subcapa": "align_solar",
        "etiqueta_alineacion": "☀️ Solsticio de Invierno",
        "acimut_grados": 115.0,
        "explicacion_alineacion": "Eje orientado a la salida del Sol en el Solsticio de Invierno en el año -3000 (Az 115.0°)."
      }
    },
    {
      "type": "Feature",
      "geometry": {
        "type": "LineString",
        "coordinates": [
          [
            -8.0234,
            42.2341
          ],
          [
            -7.840921125991345,
            42.184741540336425
          ]
        ]
      },
      "properties": {
        "origen_nombre": "Tumulo de Maus de Salas",
        "origen_tipo": "Megalito",
        "fecha_origen": -4200,
        "subcapa": "align_stellar",
        "etiqueta_alineacion": "⭐ Puntería a Sirio (Canis Major)",
        "acimut_grados": 110.0,
        "explicacion_alineacion": "Eje astronómico proyectado exactamente hacia la salida de Sirio (Canis Major) en el año -4200 (Az 110.0°)."
      }
    },
    {
      "type": "Feature",
      "geometry": {
        "type": "LineString",
        "coordinates": [
          [
            -9.0521,
            42.8521
          ],
          [
            -8.88192282329397,
            42.923919810354306
          ]
        ]
      },
      "properties": {
        "origen_nombre": "Dolmen de Parxubeira",
        "origen_tipo": "Megalito",
        "fecha_origen": -3500,
        "subcapa": "align_solar",
        "etiqueta_alineacion": "☀️ Solsticio de Verano",
        "acimut_grados": 60.0,
        "explicacion_alineacion": "Eje orientado a la salida del Sol en el Solsticio de Verano en el año -3500 (Az 60.0°)."
      }
    },
    {
      "type": "Feature",
      "geometry": {
        "type": "LineString",
        "coordinates": [
          [
            -8.7521,
            42.3234
          ],
          [
            -8.55748309970586,
            42.32323545644377
          ]
        ]
      },
      "properties": {
        "origen_nombre": "Cromlech de Mogor",
        "origen_tipo": "Megalito",
        "fecha_origen": -3200,
        "subcapa": "align_solar",
        "etiqueta_alineacion": "☀️ Equinoccio (Este Puro)",
        "acimut_grados": 90.0,
        "explicacion_alineacion": "Eje de orientación equinoccial exacta hacia el orto solar (Az 90.0°)."
      }
    },
    {
      "type": "Feature",
      "geometry": {
        "type": "LineString",
        "coordinates": [
          [
            -7.9234,
            43.0521
          ],
          [
            -7.824742535610045,
            43.176671339052895
          ]
        ]
      },
      "properties": {
        "origen_nombre": "Dolmen de Arca da Piosa",
        "origen_tipo": "Megalito",
        "fecha_origen": -3600,
        "subcapa": "align_stellar",
        "etiqueta_alineacion": "⭐ Puntería a Vega (Lira)",
        "acimut_grados": 30.0,
        "explicacion_alineacion": "Eje astronómico proyectado exactamente hacia la salida de Vega (Lira) en el año -3600 (Az 30.0°)."
      }
    },
    {
      "type": "Feature",
      "geometry": {
        "type": "LineString",
        "coordinates": [
          [
            -8.3521,
            42.4234
          ],
          [
            -8.547027017665007,
            42.42323487864489
          ]
        ]
      },
      "properties": {
        "origen_nombre": "Menhir de Chan de Armada",
        "origen_tipo": "Megalito",
        "fecha_origen": -3000,
        "subcapa": "align_terrestrial",
        "etiqueta_alineacion": "⚡ Corriente Telúrica / Falla Local",
        "acimut_grados": 270.0,
        "explicacion_alineacion": "Orientación a la falla tectónica o vena de agua kárstica local bajo el corredor (Az 270.0°)."
      }
    },
    {
      "type": "Feature",
      "geometry": {
        "type": "LineString",
        "coordinates": [
          [
            -7.6234,
            43.2521
          ],
          [
            -7.483470730585466,
            43.35376143810315
          ]
        ]
      },
      "properties": {
        "origen_nombre": "Dolmen de A Mota Grande",
        "origen_tipo": "Megalito",
        "fecha_origen": -3500,
        "subcapa": "align_stellar",
        "etiqueta_alineacion": "⭐ Puntería a Arturo (Boötes)",
        "acimut_grados": 45.0,
        "explicacion_alineacion": "Eje astronómico proyectado exactamente hacia la salida de Arturo (Boötes) en el año -3500 (Az 45.0°)."
      }
    },
    {
      "type": "Feature",
      "geometry": {
        "type": "LineString",
        "coordinates": [
          [
            -3.5521,
            42.0234
          ],
          [
            -3.3584040323496596,
            42.023237178886234
          ]
        ]
      },
      "properties": {
        "origen_nombre": "Dolmen de Cubillejo de Lara",
        "origen_tipo": "Megalito",
        "fecha_origen": -3500,
        "subcapa": "align_solar",
        "etiqueta_alineacion": "☀️ Equinoccio (Este Puro)",
        "acimut_grados": 90.0,
        "explicacion_alineacion": "Eje de orientación equinoccial exacta hacia el orto solar (Az 90.0°)."
      }
    },
    {
      "type": "Feature",
      "geometry": {
        "type": "LineString",
        "coordinates": [
          [
            -3.4234,
            41.9521
          ],
          [
            -3.2556526399545045,
            42.02392372332039
          ]
        ]
      },
      "properties": {
        "origen_nombre": "Dolmen de Cubillejo de la Sierra",
        "origen_tipo": "Megalito",
        "fecha_origen": -3600,
        "subcapa": "align_solar",
        "etiqueta_alineacion": "☀️ Solsticio de Verano",
        "acimut_grados": 60.0,
        "explicacion_alineacion": "Eje orientado a la salida del Sol en el Solsticio de Verano en el año -3600 (Az 60.0°)."
      }
    },
    {
      "type": "Feature",
      "geometry": {
        "type": "LineString",
        "coordinates": [
          [
            -3.7521,
            42.4234
          ],
          [
            -3.5571729823349933,
            42.42323487864489
          ]
        ]
      },
      "properties": {
        "origen_nombre": "Dolmen de Las Arnillas",
        "origen_tipo": "Megalito",
        "fecha_origen": -3500,
        "subcapa": "align_solar",
        "etiqueta_alineacion": "☀️ Equinoccio (Este Puro)",
        "acimut_grados": 90.0,
        "explicacion_alineacion": "Eje de orientación equinoccial exacta hacia el orto solar (Az 90.0°)."
      }
    },
    {
      "type": "Feature",
      "geometry": {
        "type": "LineString",
        "coordinates": [
          [
            -3.6234,
            42.5521
          ],
          [
            -3.48505611557116,
            42.65376350196344
          ]
        ]
      },
      "properties": {
        "origen_nombre": "Dolmen de El Moreco",
        "origen_tipo": "Megalito",
        "fecha_origen": -3700,
        "subcapa": "align_stellar",
        "etiqueta_alineacion": "⭐ Puntería a Arturo (Boötes)",
        "acimut_grados": 45.0,
        "explicacion_alineacion": "Eje astronómico proyectado exactamente hacia la salida de Arturo (Boötes) en el año -3700 (Az 45.0°)."
      }
    },
    {
      "type": "Feature",
      "geometry": {
        "type": "LineString",
        "coordinates": [
          [
            -3.8521,
            42.1234
          ],
          [
            -3.6764435080163995,
            42.062454813272254
          ]
        ]
      },
      "properties": {
        "origen_nombre": "Tumulo de Porqueras",
        "origen_tipo": "Megalito",
        "fecha_origen": -4000,
        "subcapa": "align_solar",
        "etiqueta_alineacion": "☀️ Solsticio de Invierno",
        "acimut_grados": 115.0,
        "explicacion_alineacion": "Eje orientado a la salida del Sol en el Solsticio de Invierno en el año -4000 (Az 115.0°)."
      }
    },
    {
      "type": "Feature",
      "geometry": {
        "type": "LineString",
        "coordinates": [
          [
            -4.0234,
            43.1521
          ],
          [
            -3.8261646731227703,
            43.15193061168933
          ]
        ]
      },
      "properties": {
        "origen_nombre": "Dolmen de La Cabaña",
        "origen_tipo": "Megalito",
        "fecha_origen": -3500,
        "subcapa": "align_solar",
        "etiqueta_alineacion": "☀️ Equinoccio (Este Puro)",
        "acimut_grados": 90.0,
        "explicacion_alineacion": "Eje de orientación equinoccial exacta hacia el orto solar (Az 90.0°)."
      }
    },
    {
      "type": "Feature",
      "geometry": {
        "type": "LineString",
        "coordinates": [
          [
            -3.9521,
            42.8234
          ],
          [
            -3.774472017451574,
            42.76245148677461
          ]
        ]
      },
      "properties": {
        "origen_nombre": "Menhir de Las Callejuelas",
        "origen_tipo": "Megalito",
        "fecha_origen": -3000,
        "subcapa": "align_solar",
        "etiqueta_alineacion": "☀️ Solsticio de Invierno",
        "acimut_grados": 115.0,
        "explicacion_alineacion": "Eje orientado a la salida del Sol en el Solsticio de Invierno en el año -3000 (Az 115.0°)."
      }
    },
    {
      "type": "Feature",
      "geometry": {
        "type": "LineString",
        "coordinates": [
          [
            -3.8234,
            43.4234
          ],
          [
            -3.6520291363174544,
            43.35132622806419
          ]
        ]
      },
      "properties": {
        "origen_nombre": "Dolmen de Sorban",
        "origen_tipo": "Megalito",
        "fecha_origen": -3500,
        "subcapa": "align_solar",
        "etiqueta_alineacion": "☀️ Solsticio de Invierno",
        "acimut_grados": 120.0,
        "explicacion_alineacion": "Eje orientado a la salida del Sol en el Solsticio de Invierno en el año -3500 (Az 120.0°)."
      }
    },
    {
      "type": "Feature",
      "geometry": {
        "type": "LineString",
        "coordinates": [
          [
            -4.6234,
            43.3521
          ],
          [
            -4.451823781629936,
            43.42391758680218
          ]
        ]
      },
      "properties": {
        "origen_nombre": "Dolmen de Peña Tu",
        "origen_tipo": "Megalito",
        "fecha_origen": -3500,
        "subcapa": "align_solar",
        "etiqueta_alineacion": "☀️ Solsticio de Verano",
        "acimut_grados": 60.0,
        "explicacion_alineacion": "Eje orientado a la salida del Sol en el Solsticio de Verano en el año -3500 (Az 60.0°)."
      }
    },
    {
      "type": "Feature",
      "geometry": {
        "type": "LineString",
        "coordinates": [
          [
            -5.2234,
            43.4521
          ],
          [
            -5.055519023804663,
            43.37572625113845
          ]
        ]
      },
      "properties": {
        "origen_nombre": "Tumulo de La Lloraza",
        "origen_tipo": "Megalito",
        "fecha_origen": -4000,
        "subcapa": "align_solar",
        "etiqueta_alineacion": "☀️ Solsticio de Invierno",
        "acimut_grados": 122.0,
        "explicacion_alineacion": "Eje orientado a la salida del Sol en el Solsticio de Invierno en el año -4000 (Az 122.0°)."
      }
    },
    {
      "type": "Feature",
      "geometry": {
        "type": "LineString",
        "coordinates": [
          [
            -5.9521,
            43.2234
          ],
          [
            -5.812236857244901,
            43.325061523652806
          ]
        ]
      },
      "properties": {
        "origen_nombre": "Dolmen de Santa Cruz",
        "origen_tipo": "Megalito",
        "fecha_origen": -3600,
        "subcapa": "align_stellar",
        "etiqueta_alineacion": "⭐ Puntería a Arturo (Boötes)",
        "acimut_grados": 45.0,
        "explicacion_alineacion": "Eje astronómico proyectado exactamente hacia la salida de Arturo (Boötes) en el año -3600 (Az 45.0°)."
      }
    },
    {
      "type": "Feature",
      "geometry": {
        "type": "LineString",
        "coordinates": [
          [
            -6.3234,
            43.1521
          ],
          [
            -6.126164673122771,
            43.15193061168933
          ]
        ]
      },
      "properties": {
        "origen_nombre": "Menhir de Prau Coronas",
        "origen_tipo": "Megalito",
        "fecha_origen": -3000,
        "subcapa": "align_solar",
        "etiqueta_alineacion": "☀️ Equinoccio (Este Puro)",
        "acimut_grados": 90.0,
        "explicacion_alineacion": "Eje de orientación equinoccial exacta hacia el orto solar (Az 90.0°)."
      }
    },
    {
      "type": "Feature",
      "geometry": {
        "type": "LineString",
        "coordinates": [
          [
            -5.8521,
            42.7234
          ],
          [
            -5.65623307858143,
            42.7232331341218
          ]
        ]
      },
      "properties": {
        "origen_nombre": "Dolmen de Los Llanos",
        "origen_tipo": "Megalito",
        "fecha_origen": -3500,
        "subcapa": "align_solar",
        "etiqueta_alineacion": "☀️ Equinoccio (Este Puro)",
        "acimut_grados": 90.0,
        "explicacion_alineacion": "Eje de orientación equinoccial exacta hacia el orto solar (Az 90.0°)."
      }
    },
    {
      "type": "Feature",
      "geometry": {
        "type": "LineString",
        "coordinates": [
          [
            -6.9521,
            42.5234
          ],
          [
            -6.775325567574396,
            42.46245292151889
          ]
        ]
      },
      "properties": {
        "origen_nombre": "Tumulo de Monte Castrelo",
        "origen_tipo": "Megalito",
        "fecha_origen": -4000,
        "subcapa": "align_solar",
        "etiqueta_alineacion": "☀️ Solsticio de Invierno",
        "acimut_grados": 115.0,
        "explicacion_alineacion": "Eje orientado a la salida del Sol en el Solsticio de Invierno en el año -4000 (Az 115.0°)."
      }
    },
    {
      "type": "Feature",
      "geometry": {
        "type": "LineString",
        "coordinates": [
          [
            -6.1234,
            42.6521
          ],
          [
            -5.953772472989639,
            42.72392068968286
          ]
        ]
      },
      "properties": {
        "origen_nombre": "Dolmen de La Encina",
        "origen_tipo": "Megalito",
        "fecha_origen": -3500,
        "subcapa": "align_solar",
        "etiqueta_alineacion": "☀️ Solsticio de Verano",
        "acimut_grados": 60.0,
        "explicacion_alineacion": "Eje orientado a la salida del Sol en el Solsticio de Verano en el año -3500 (Az 60.0°)."
      }
    },
    {
      "type": "Feature",
      "geometry": {
        "type": "LineString",
        "coordinates": [
          [
            -5.4521,
            42.9234
          ],
          [
            -5.301796465071883,
            42.830809950044234
          ]
        ]
      },
      "properties": {
        "origen_nombre": "Menhir de Valdecastillo",
        "origen_tipo": "Megalito",
        "fecha_origen": -3000,
        "subcapa": "align_terrestrial",
        "etiqueta_alineacion": "⚡ Corriente Telúrica / Falla Local",
        "acimut_grados": 130.0,
        "explicacion_alineacion": "Orientación a la falla tectónica o vena de agua kárstica local bajo el corredor (Az 130.0°)."
      }
    },
    {
      "type": "Feature",
      "geometry": {
        "type": "LineString",
        "coordinates": [
          [
            -6.0234,
            42.4521
          ],
          [
            -5.828383686234219,
            42.451934712476216
          ]
        ]
      },
      "properties": {
        "origen_nombre": "Dolmen de Valdeviejas",
        "origen_tipo": "Megalito",
        "fecha_origen": -3600,
        "subcapa": "align_solar",
        "etiqueta_alineacion": "☀️ Equinoccio (Este Puro)",
        "acimut_grados": 90.0,
        "explicacion_alineacion": "Eje de orientación equinoccial exacta hacia el orto solar (Az 90.0°)."
      }
    },
    {
      "type": "Feature",
      "geometry": {
        "type": "LineString",
        "coordinates": [
          [
            -2.1234,
            42.8521
          ],
          [
            -1.9732695374239722,
            42.75951019509266
          ]
        ]
      },
      "properties": {
        "origen_nombre": "Cromlech de San Adrian",
        "origen_tipo": "Megalito",
        "fecha_origen": -3200,
        "subcapa": "align_terrestrial",
        "etiqueta_alineacion": "⚡ Corriente Telúrica / Falla Local",
        "acimut_grados": 130.0,
        "explicacion_alineacion": "Orientación a la falla tectónica o vena de agua kárstica local bajo el corredor (Az 130.0°)."
      }
    },
    {
      "type": "Feature",
      "geometry": {
        "type": "LineString",
        "coordinates": [
          [
            -2.3521,
            42.8734
          ],
          [
            -2.213035483962307,
            42.9750625604874
          ]
        ]
      },
      "properties": {
        "origen_nombre": "Dolmen de Aizkomendi",
        "origen_tipo": "Megalito",
        "fecha_origen": -3500,
        "subcapa": "align_stellar",
        "etiqueta_alineacion": "⭐ Puntería a Arturo (Boötes)",
        "acimut_grados": 45.0,
        "explicacion_alineacion": "Eje astronómico proyectado exactamente hacia la salida de Arturo (Boötes) en el año -3500 (Az 45.0°)."
      }
    },
    {
      "type": "Feature",
      "geometry": {
        "type": "LineString",
        "coordinates": [
          [
            -2.0521,
            43.1234
          ],
          [
            -1.8549572254867697,
            43.12323078165914
          ]
        ]
      },
      "properties": {
        "origen_nombre": "Dolmen de Trikuaizti",
        "origen_tipo": "Megalito",
        "fecha_origen": -3600,
        "subcapa": "align_solar",
        "etiqueta_alineacion": "☀️ Equinoccio (Este Puro)",
        "acimut_grados": 90.0,
        "explicacion_alineacion": "Eje de orientación equinoccial exacta hacia el orto solar (Az 90.0°)."
      }
    },
    {
      "type": "Feature",
      "geometry": {
        "type": "LineString",
        "coordinates": [
          [
            -2.2234,
            43.0234
          ],
          [
            -2.2234,
            42.879508543053
          ]
        ]
      },
      "properties": {
        "origen_nombre": "Menhir de Igaratza",
        "origen_tipo": "Megalito",
        "fecha_origen": -3000,
        "subcapa": "align_terrestrial",
        "etiqueta_alineacion": "⚡ Corriente Telúrica / Falla Local",
        "acimut_grados": 180.0,
        "explicacion_alineacion": "Orientación a la falla tectónica o vena de agua kárstica local bajo el corredor (Az 180.0°)."
      }
    },
    {
      "type": "Feature",
      "geometry": {
        "type": "LineString",
        "coordinates": [
          [
            -7.5521,
            43.5234
          ],
          [
            -7.452671775879109,
            43.64797063491648
          ]
        ]
      },
      "properties": {
        "origen_nombre": "Dolmen de Presiño",
        "origen_tipo": "Megalito",
        "fecha_origen": -3500,
        "subcapa": "align_stellar",
        "etiqueta_alineacion": "⭐ Puntería a Vega (Lira)",
        "acimut_grados": 30.0,
        "explicacion_alineacion": "Eje astronómico proyectado exactamente hacia la salida de Vega (Lira) en el año -3500 (Az 30.0°)."
      }
    },
    {
      "type": "Feature",
      "geometry": {
        "type": "LineString",
        "coordinates": [
          [
            -6.8234,
            43.4234
          ],
          [
            -6.671864840551241,
            43.33080821555509
          ]
        ]
      },
      "properties": {
        "origen_nombre": "Tumulo de Chao Samartino",
        "origen_tipo": "Megalito",
        "fecha_origen": -4000,
        "subcapa": "align_terrestrial",
        "etiqueta_alineacion": "⚡ Corriente Telúrica / Falla Local",
        "acimut_grados": 130.0,
        "explicacion_alineacion": "Orientación a la falla tectónica o vena de agua kárstica local bajo el corredor (Az 130.0°)."
      }
    },
    {
      "type": "Feature",
      "geometry": {
        "type": "LineString",
        "coordinates": [
          [
            -8.1521,
            42.9521
          ],
          [
            -7.981645879966055,
            43.02391936854687
          ]
        ]
      },
      "properties": {
        "origen_nombre": "Dolmen de Casteliños",
        "origen_tipo": "Megalito",
        "fecha_origen": -3500,
        "subcapa": "align_solar",
        "etiqueta_alineacion": "☀️ Solsticio de Verano",
        "acimut_grados": 60.0,
        "explicacion_alineacion": "Eje orientado a la salida del Sol en el Solsticio de Verano en el año -3500 (Az 60.0°)."
      }
    },
    {
      "type": "Feature",
      "geometry": {
        "type": "LineString",
        "coordinates": [
          [
            -8.0521,
            43.3234
          ],
          [
            -7.854309414782045,
            43.323229593868476
          ]
        ]
      },
      "properties": {
        "origen_nombre": "Menhir de Bustavalle",
        "origen_tipo": "Megalito",
        "fecha_origen": -3000,
        "subcapa": "align_solar",
        "etiqueta_alineacion": "☀️ Equinoccio (Este Puro)",
        "acimut_grados": 90.0,
        "explicacion_alineacion": "Eje de orientación equinoccial exacta hacia el orto solar (Az 90.0°)."
      }
    },
    {
      "type": "Feature",
      "geometry": {
        "type": "LineString",
        "coordinates": [
          [
            -8.3234,
            42.7521
          ],
          [
            -8.184608936596565,
            42.85376291707222
          ]
        ]
      },
      "properties": {
        "origen_nombre": "Dolmen de Magros",
        "origen_tipo": "Megalito",
        "fecha_origen": -3700,
        "subcapa": "align_stellar",
        "etiqueta_alineacion": "⭐ Puntería a Arturo (Boötes)",
        "acimut_grados": 45.0,
        "explicacion_alineacion": "Eje astronómico proyectado exactamente hacia la salida de Arturo (Boötes) en el año -3700 (Az 45.0°)."
      }
    },
    {
      "type": "Feature",
      "geometry": {
        "type": "LineString",
        "coordinates": [
          [
            -8.0521,
            42.3521
          ],
          [
            -7.883672513296143,
            42.280030937405584
          ]
        ]
      },
      "properties": {
        "origen_nombre": "Dolmen de Chan da Armada",
        "origen_tipo": "Megalito",
        "fecha_origen": -3500,
        "subcapa": "align_solar",
        "etiqueta_alineacion": "☀️ Solsticio de Invierno",
        "acimut_grados": 120.0,
        "explicacion_alineacion": "Eje orientado a la salida del Sol en el Solsticio de Invierno en el año -3500 (Az 120.0°)."
      }
    },
    {
      "type": "Feature",
      "geometry": {
        "type": "LineString",
        "coordinates": [
          [
            -8.0234,
            42.3234
          ],
          [
            -7.82878309970586,
            42.32323545644377
          ]
        ]
      },
      "properties": {
        "origen_nombre": "Cromlech de Laias",
        "origen_tipo": "Megalito",
        "fecha_origen": -3200,
        "subcapa": "align_solar",
        "etiqueta_alineacion": "☀️ Equinoccio (Este Puro)",
        "acimut_grados": 90.0,
        "explicacion_alineacion": "Eje de orientación equinoccial exacta hacia el orto solar (Az 90.0°)."
      }
    },
    {
      "type": "Feature",
      "geometry": {
        "type": "LineString",
        "coordinates": [
          [
            -8.6521,
            43.2234
          ],
          [
            -8.553164553222404,
            43.347971084391446
          ]
        ]
      },
      "properties": {
        "origen_nombre": "Dolmen de Brandariz",
        "origen_tipo": "Megalito",
        "fecha_origen": -3500,
        "subcapa": "align_stellar",
        "etiqueta_alineacion": "⭐ Puntería a Vega (Lira)",
        "acimut_grados": 30.0,
        "explicacion_alineacion": "Eje astronómico proyectado exactamente hacia la salida de Vega (Lira) en el año -3500 (Az 30.0°)."
      }
    },
    {
      "type": "Feature",
      "geometry": {
        "type": "LineString",
        "coordinates": [
          [
            -8.1234,
            38.5521
          ],
          [
            -7.993111744330823,
            38.65377447424465
          ]
        ]
      },
      "properties": {
        "origen_nombre": "Menhir de Almendres",
        "origen_tipo": "Megalito",
        "fecha_origen": -4000,
        "subcapa": "align_stellar",
        "etiqueta_alineacion": "⭐ Puntería a Arturo (Boötes)",
        "acimut_grados": 45.0,
        "explicacion_alineacion": "Eje astronómico proyectado exactamente hacia la salida de Arturo (Boötes) en el año -4000 (Az 45.0°)."
      }
    },
    {
      "type": "Feature",
      "geometry": {
        "type": "LineString",
        "coordinates": [
          [
            -8.1521,
            38.5521
          ],
          [
            -7.968105653083182,
            38.55195600999264
          ]
        ]
      },
      "properties": {
        "origen_nombre": "Cromlech dos Almendres",
        "origen_tipo": "Megalito",
        "fecha_origen": -4500,
        "subcapa": "align_solar",
        "etiqueta_alineacion": "☀️ Equinoccio (Este Puro)",
        "acimut_grados": 90.0,
        "explicacion_alineacion": "Eje de orientación equinoccial exacta hacia el orto solar (Az 90.0°)."
      }
    },
    {
      "type": "Feature",
      "geometry": {
        "type": "LineString",
        "coordinates": [
          [
            -7.5521,
            40.8234
          ],
          [
            -7.4174373942552965,
            40.925068406356324
          ]
        ]
      },
      "properties": {
        "origen_nombre": "Dolmen de Orca dos Padroes",
        "origen_tipo": "Megalito",
        "fecha_origen": -3500,
        "subcapa": "align_stellar",
        "etiqueta_alineacion": "⭐ Puntería a Arturo (Boötes)",
        "acimut_grados": 45.0,
        "explicacion_alineacion": "Eje astronómico proyectado exactamente hacia la salida de Arturo (Boötes) en el año -3500 (Az 45.0°)."
      }
    },
    {
      "type": "Feature",
      "geometry": {
        "type": "LineString",
        "coordinates": [
          [
            -7.3234,
            40.9521
          ],
          [
            -7.132880642226291,
            40.951943199902786
          ]
        ]
      },
      "properties": {
        "origen_nombre": "Menhir de Bulhoa",
        "origen_tipo": "Megalito",
        "fecha_origen": -3000,
        "subcapa": "align_solar",
        "etiqueta_alineacion": "☀️ Equinoccio (Este Puro)",
        "acimut_grados": 90.0,
        "explicacion_alineacion": "Eje de orientación equinoccial exacta hacia el orto solar (Az 90.0°)."
      }
    },
    {
      "type": "Feature",
      "geometry": {
        "type": "LineString",
        "coordinates": [
          [
            -7.0234,
            41.8521
          ],
          [
            -6.855915807109715,
            41.92392415123166
          ]
        ]
      },
      "properties": {
        "origen_nombre": "Dolmen de Tapada da Chave",
        "origen_tipo": "Megalito",
        "fecha_origen": -3500,
        "subcapa": "align_solar",
        "etiqueta_alineacion": "☀️ Solsticio de Verano",
        "acimut_grados": 60.0,
        "explicacion_alineacion": "Eje orientado a la salida del Sol en el Solsticio de Verano en el año -3500 (Az 60.0°)."
      }
    },
    {
      "type": "Feature",
      "geometry": {
        "type": "LineString",
        "coordinates": [
          [
            -7.2521,
            41.7234
          ],
          [
            -7.059311029842632,
            41.72323888515076
          ]
        ]
      },
      "properties": {
        "origen_nombre": "Dolmen de Arcas",
        "origen_tipo": "Megalito",
        "fecha_origen": -3600,
        "subcapa": "align_solar",
        "etiqueta_alineacion": "☀️ Equinoccio (Este Puro)",
        "acimut_grados": 90.0,
        "explicacion_alineacion": "Eje de orientación equinoccial exacta hacia el orto solar (Az 90.0°)."
      }
    },
    {
      "type": "Feature",
      "geometry": {
        "type": "LineString",
        "coordinates": [
          [
            -7.4521,
            41.6234
          ],
          [
            -7.261542771757327,
            41.603216809316585
          ]
        ]
      },
      "properties": {
        "origen_nombre": "Menhir de Lavandeira",
        "origen_tipo": "Megalito",
        "fecha_origen": -3000,
        "subcapa": "align_solar",
        "etiqueta_alineacion": "☀️ Equinoccio (Este Puro)",
        "acimut_grados": 98.0,
        "explicacion_alineacion": "Eje de orientación equinoccial exacta hacia el orto solar (Az 98.0°)."
      }
    },
    {
      "type": "Feature",
      "geometry": {
        "type": "LineString",
        "coordinates": [
          [
            -7.6234,
            41.5521
          ],
          [
            -7.487224873451663,
            41.65376637115957
          ]
        ]
      },
      "properties": {
        "origen_nombre": "Tumulo da Portela da Juncal",
        "origen_tipo": "Megalito",
        "fecha_origen": -4000,
        "subcapa": "align_stellar",
        "etiqueta_alineacion": "⭐ Puntería a Arturo (Boötes)",
        "acimut_grados": 45.0,
        "explicacion_alineacion": "Eje astronómico proyectado exactamente hacia la salida de Arturo (Boötes) en el año -4000 (Az 45.0°)."
      }
    },
    {
      "type": "Feature",
      "geometry": {
        "type": "LineString",
        "coordinates": [
          [
            -7.8234,
            41.6521
          ],
          [
            -7.6870129241253355,
            41.75376608828409
          ]
        ]
      },
      "properties": {
        "origen_nombre": "Dolmen de Padrela",
        "origen_tipo": "Megalito",
        "fecha_origen": -3500,
        "subcapa": "align_stellar",
        "etiqueta_alineacion": "⭐ Puntería a Arturo (Boötes)",
        "acimut_grados": 45.0,
        "explicacion_alineacion": "Eje astronómico proyectado exactamente hacia la salida de Arturo (Boötes) en el año -3500 (Az 45.0°)."
      }
    },
    {
      "type": "Feature",
      "geometry": {
        "type": "LineString",
        "coordinates": [
          [
            -7.4521,
            40.7234
          ],
          [
            -7.262236802187711,
            40.72324445989904
          ]
        ]
      },
      "properties": {
        "origen_nombre": "Cromlech de Cunha Baixa",
        "origen_tipo": "Megalito",
        "fecha_origen": -3200,
        "subcapa": "align_solar",
        "etiqueta_alineacion": "☀️ Equinoccio (Este Puro)",
        "acimut_grados": 90.0,
        "explicacion_alineacion": "Eje de orientación equinoccial exacta hacia el orto solar (Az 90.0°)."
      }
    },
    {
      "type": "Feature",
      "geometry": {
        "type": "LineString",
        "coordinates": [
          [
            -7.5234,
            38.2234
          ],
          [
            -7.364935375584923,
            38.15134770640519
          ]
        ]
      },
      "properties": {
        "origen_nombre": "Dolmen de Alqueva",
        "origen_tipo": "Megalito",
        "fecha_origen": -3500,
        "subcapa": "align_solar",
        "etiqueta_alineacion": "☀️ Solsticio de Invierno",
        "acimut_grados": 120.0,
        "explicacion_alineacion": "Eje orientado a la salida del Sol en el Solsticio de Invierno en el año -3500 (Az 120.0°)."
      }
    },
    {
      "type": "Feature",
      "geometry": {
        "type": "LineString",
        "coordinates": [
          [
            -8.3234,
            43.4521
          ],
          [
            -8.151539631780905,
            43.52391713768773
          ]
        ]
      },
      "properties": {
        "origen_nombre": "Dolmen de Pedra Coberta",
        "origen_tipo": "Megalito",
        "fecha_origen": -3500,
        "subcapa": "align_solar",
        "etiqueta_alineacion": "☀️ Solsticio de Verano",
        "acimut_grados": 60.0,
        "explicacion_alineacion": "Eje orientado a la salida del Sol en el Solsticio de Verano en el año -3500 (Az 60.0°)."
      }
    },
    {
      "type": "Feature",
      "geometry": {
        "type": "LineString",
        "coordinates": [
          [
            -8.4521,
            42.5234
          ],
          [
            -8.647338720614245,
            42.52323429899991
          ]
        ]
      },
      "properties": {
        "origen_nombre": "Menhir de Leiro",
        "origen_tipo": "Megalito",
        "fecha_origen": -3000,
        "subcapa": "align_terrestrial",
        "etiqueta_alineacion": "⚡ Corriente Telúrica / Falla Local",
        "acimut_grados": 270.0,
        "explicacion_alineacion": "Orientación a la falla tectónica o vena de agua kárstica local bajo el corredor (Az 270.0°)."
      }
    },
    {
      "type": "Feature",
      "geometry": {
        "type": "LineString",
        "coordinates": [
          [
            -8.5234,
            42.1521
          ],
          [
            -8.347664051588252,
            42.09115467833524
          ]
        ]
      },
      "properties": {
        "origen_nombre": "Tumulo de Pena Mosqueira",
        "origen_tipo": "Megalito",
        "fecha_origen": -4000,
        "subcapa": "align_solar",
        "etiqueta_alineacion": "☀️ Solsticio de Invierno",
        "acimut_grados": 115.0,
        "explicacion_alineacion": "Eje orientado a la salida del Sol en el Solsticio de Invierno en el año -4000 (Az 115.0°)."
      }
    },
    {
      "type": "Feature",
      "geometry": {
        "type": "LineString",
        "coordinates": [
          [
            -7.2234,
            43.5521
          ],
          [
            -7.082773630272548,
            43.653760538980116
          ]
        ]
      },
      "properties": {
        "origen_nombre": "Dolmen de Liñares",
        "origen_tipo": "Megalito",
        "fecha_origen": -3500,
        "subcapa": "align_stellar",
        "etiqueta_alineacion": "⭐ Puntería a Arturo (Boötes)",
        "acimut_grados": 45.0,
        "explicacion_alineacion": "Eje astronómico proyectado exactamente hacia la salida de Arturo (Boötes) en el año -3500 (Az 45.0°)."
      }
    },
    {
      "type": "Feature",
      "geometry": {
        "type": "LineString",
        "coordinates": [
          [
            -8.5234,
            42.5234
          ],
          [
            -8.357625671196523,
            42.59953148175684
          ]
        ]
      },
      "properties": {
        "origen_nombre": "Menhir de Campo Lameiro",
        "origen_tipo": "Megalito",
        "fecha_origen": -3000,
        "subcapa": "align_solar",
        "etiqueta_alineacion": "☀️ Solsticio de Verano",
        "acimut_grados": 58.0,
        "explicacion_alineacion": "Eje orientado a la salida del Sol en el Solsticio de Verano en el año -3000 (Az 58.0°)."
      }
    },
    {
      "type": "Feature",
      "geometry": {
        "type": "LineString",
        "coordinates": [
          [
            -7.4521,
            42.8234
          ],
          [
            -7.25591656143392,
            42.82323254886355
          ]
        ]
      },
      "properties": {
        "origen_nombre": "Dolmen de Roza das Modias",
        "origen_tipo": "Megalito",
        "fecha_origen": -3600,
        "subcapa": "align_solar",
        "etiqueta_alineacion": "☀️ Equinoccio (Este Puro)",
        "acimut_grados": 90.0,
        "explicacion_alineacion": "Eje de orientación equinoccial exacta hacia el orto solar (Az 90.0°)."
      }
    },
    {
      "type": "Feature",
      "geometry": {
        "type": "LineString",
        "coordinates": [
          [
            -7.0234,
            42.0521
          ],
          [
            -6.926317526039633,
            42.17667279777771
          ]
        ]
      },
      "properties": {
        "origen_nombre": "Dolmen de A Muradella",
        "origen_tipo": "Megalito",
        "fecha_origen": -3500,
        "subcapa": "align_stellar",
        "etiqueta_alineacion": "⭐ Puntería a Vega (Lira)",
        "acimut_grados": 30.0,
        "explicacion_alineacion": "Eje astronómico proyectado exactamente hacia la salida de Vega (Lira) en el año -3500 (Az 30.0°)."
      }
    },
    {
      "type": "Feature",
      "geometry": {
        "type": "LineString",
        "coordinates": [
          [
            -8.0521,
            41.9234
          ],
          [
            -8.0521,
            41.779508543053
          ]
        ]
      },
      "properties": {
        "origen_nombre": "Menhir de Outeiro",
        "origen_tipo": "Megalito",
        "fecha_origen": -3000,
        "subcapa": "align_terrestrial",
        "etiqueta_alineacion": "⚡ Corriente Telúrica / Falla Local",
        "acimut_grados": 180.0,
        "explicacion_alineacion": "Orientación a la falla tectónica o vena de agua kárstica local bajo el corredor (Az 180.0°)."
      }
    },
    {
      "type": "Feature",
      "geometry": {
        "type": "LineString",
        "coordinates": [
          [
            -8.7234,
            42.9734
          ],
          [
            -8.533324655149281,
            43.010484661292566
          ]
        ]
      },
      "properties": {
        "origen_nombre": "Dolmen de Pedra Chantada",
        "origen_tipo": "Megalito",
        "fecha_origen": -3500,
        "subcapa": "align_stellar",
        "etiqueta_alineacion": "⭐ Puntería a Aldebarán (Tauro)",
        "acimut_grados": 75.0,
        "explicacion_alineacion": "Eje astronómico proyectado exactamente hacia la salida de Aldebarán (Tauro) en el año -3500 (Az 75.0°)."
      }
    },
    {
      "type": "Feature",
      "geometry": {
        "type": "LineString",
        "coordinates": [
          [
            -8.6521,
            42.2134
          ],
          [
            -8.46968084098727,
            42.16404164528529
          ]
        ]
      },
      "properties": {
        "origen_nombre": "Tumulo de Monte Penide",
        "origen_tipo": "Megalito",
        "fecha_origen": -4000,
        "subcapa": "align_stellar",
        "etiqueta_alineacion": "⭐ Puntería a Sirio (Canis Major)",
        "acimut_grados": 110.0,
        "explicacion_alineacion": "Eje astronómico proyectado exactamente hacia la salida de Sirio (Canis Major) en el año -4000 (Az 110.0°)."
      }
    },
    {
      "type": "Feature",
      "geometry": {
        "type": "LineString",
        "coordinates": [
          [
            -8.5234,
            43.3734
          ],
          [
            -8.371526883727208,
            43.46579126195038
          ]
        ]
      },
      "properties": {
        "origen_nombre": "Dolmen de Toural",
        "origen_tipo": "Megalito",
        "fecha_origen": -3600,
        "subcapa": "align_stellar",
        "etiqueta_alineacion": "⭐ Puntería a Deneb (Cisne / Santiago)",
        "acimut_grados": 50.0,
        "explicacion_alineacion": "Eje astronómico proyectado exactamente hacia la salida de Deneb (Cisne / Santiago) en el año -3600 (Az 50.0°)."
      }
    },
    {
      "type": "Feature",
      "geometry": {
        "type": "LineString",
        "coordinates": [
          [
            -8.1234,
            42.6734
          ],
          [
            -7.985238570032364,
            42.571570277414104
          ]
        ]
      },
      "properties": {
        "origen_nombre": "Menhir de A Pena da Serpe",
        "origen_tipo": "Megalito",
        "fecha_origen": -3000,
        "subcapa": "align_terrestrial",
        "etiqueta_alineacion": "⚡ Corriente Telúrica / Falla Local",
        "acimut_grados": 135.0,
        "explicacion_alineacion": "Orientación a la falla tectónica o vena de agua kárstica local bajo el corredor (Az 135.0°)."
      }
    },
    {
      "type": "Feature",
      "geometry": {
        "type": "LineString",
        "coordinates": [
          [
            -8.5521,
            41.8734
          ],
          [
            -8.384559864500206,
            41.945224060199116
          ]
        ]
      },
      "properties": {
        "origen_nombre": "Dolmen de Cao",
        "origen_tipo": "Megalito",
        "fecha_origen": -3500,
        "subcapa": "align_solar",
        "etiqueta_alineacion": "☀️ Solsticio de Verano",
        "acimut_grados": 60.0,
        "explicacion_alineacion": "Eje orientado a la salida del Sol en el Solsticio de Verano en el año -3500 (Az 60.0°)."
      }
    },
    {
      "type": "Feature",
      "geometry": {
        "type": "LineString",
        "coordinates": [
          [
            -4.5494,
            37.0244
          ],
          [
            -4.396403207179225,
            37.100552691765586
          ]
        ]
      },
      "properties": {
        "origen_nombre": "Dolmen de Menga",
        "origen_tipo": "Megalito",
        "fecha_origen": -3700,
        "subcapa": "align_solar",
        "etiqueta_alineacion": "☀️ Solsticio de Verano",
        "acimut_grados": 58.0,
        "explicacion_alineacion": "Eje orientado a la salida del Sol en el Solsticio de Verano en el año -3700 (Az 58.0°)."
      }
    },
    {
      "type": "Feature",
      "geometry": {
        "type": "LineString",
        "coordinates": [
          [
            -4.5487,
            37.0241
          ],
          [
            -4.385488013946215,
            36.9631770503523
          ]
        ]
      },
      "properties": {
        "origen_nombre": "Dolmen de Viera",
        "origen_tipo": "Megalito",
        "fecha_origen": -3000,
        "subcapa": "align_solar",
        "etiqueta_alineacion": "☀️ Solsticio de Invierno",
        "acimut_grados": 115.0,
        "explicacion_alineacion": "Eje orientado a la salida del Sol en el Solsticio de Invierno en el año -3000 (Az 115.0°)."
      }
    },
    {
      "type": "Feature",
      "geometry": {
        "type": "LineString",
        "coordinates": [
          [
            -4.5292,
            37.0425
          ],
          [
            -4.359909200867804,
            36.99316593400589
          ]
        ]
      },
      "properties": {
        "origen_nombre": "Tholos de El Romeral",
        "origen_tipo": "Megalito",
        "fecha_origen": -2500,
        "subcapa": "align_stellar",
        "etiqueta_alineacion": "⭐ Puntería a Sirio (Canis Major)",
        "acimut_grados": 110.0,
        "explicacion_alineacion": "Eje astronómico proyectado exactamente hacia la salida de Sirio (Canis Major) en el año -2500 (Az 110.0°)."
      }
    },
    {
      "type": "Feature",
      "geometry": {
        "type": "LineString",
        "coordinates": [
          [
            -6.7533,
            37.3486
          ],
          [
            -6.614812833787085,
            37.256027596076414
          ]
        ]
      },
      "properties": {
        "origen_nombre": "Dolmen de Soto",
        "origen_tipo": "Megalito",
        "fecha_origen": -3000,
        "subcapa": "align_terrestrial",
        "etiqueta_alineacion": "⚡ Corriente Telúrica / Falla Local",
        "acimut_grados": 130.0,
        "explicacion_alineacion": "Orientación a la falla tectónica o vena de agua kárstica local bajo el corredor (Az 130.0°)."
      }
    },
    {
      "type": "Feature",
      "geometry": {
        "type": "LineString",
        "coordinates": [
          [
            -6.0716,
            37.4128
          ],
          [
            -5.901477331563103,
            37.3634643096894
          ]
        ]
      },
      "properties": {
        "origen_nombre": "Dolmen de la Pastora",
        "origen_tipo": "Megalito",
        "fecha_origen": -2500,
        "subcapa": "align_stellar",
        "etiqueta_alineacion": "⭐ Puntería a Sirio (Canis Major)",
        "acimut_grados": 110.0,
        "explicacion_alineacion": "Eje astronómico proyectado exactamente hacia la salida de Sirio (Canis Major) en el año -2500 (Az 110.0°)."
      }
    },
    {
      "type": "Feature",
      "geometry": {
        "type": "LineString",
        "coordinates": [
          [
            -6.0694,
            37.4081
          ],
          [
            -5.909311100937649,
            37.475545067552325
          ]
        ]
      },
      "properties": {
        "origen_nombre": "Dolmen de Matarrubilla",
        "origen_tipo": "Megalito",
        "fecha_origen": -3000,
        "subcapa": "align_solar",
        "etiqueta_alineacion": "☀️ Solsticio de Verano",
        "acimut_grados": 62.0,
        "explicacion_alineacion": "Eje orientado a la salida del Sol en el Solsticio de Verano en el año -3000 (Az 62.0°)."
      }
    },
    {
      "type": "Feature",
      "geometry": {
        "type": "LineString",
        "coordinates": [
          [
            -6.0725,
            37.411
          ],
          [
            -5.908450630302537,
            37.35007547257215
          ]
        ]
      },
      "properties": {
        "origen_nombre": "Dolmen de Ontiveros",
        "origen_tipo": "Megalito",
        "fecha_origen": -2500,
        "subcapa": "align_solar",
        "etiqueta_alineacion": "☀️ Solsticio de Invierno",
        "acimut_grados": 115.0,
        "explicacion_alineacion": "Eje orientado a la salida del Sol en el Solsticio de Invierno en el año -2500 (Az 115.0°)."
      }
    },
    {
      "type": "Feature",
      "geometry": {
        "type": "LineString",
        "coordinates": [
          [
            -6.8222,
            37.6083
          ],
          [
            -6.693588683583107,
            37.709976882870485
          ]
        ]
      },
      "properties": {
        "origen_nombre": "Dolmens of El Pozuelo",
        "origen_tipo": "Megalito",
        "fecha_origen": -3000,
        "subcapa": "align_stellar",
        "etiqueta_alineacion": "⭐ Puntería a Arturo (Boötes)",
        "acimut_grados": 45.0,
        "explicacion_alineacion": "Eje astronómico proyectado exactamente hacia la salida de Arturo (Boötes) en el año -3000 (Az 45.0°)."
      }
    },
    {
      "type": "Feature",
      "geometry": {
        "type": "LineString",
        "coordinates": [
          [
            -6.745,
            37.6186
          ],
          [
            -6.565156418096217,
            37.598437696115276
          ]
        ]
      },
      "properties": {
        "origen_nombre": "Los Gabrieles",
        "origen_tipo": "Megalito",
        "fecha_origen": -3000,
        "subcapa": "align_solar",
        "etiqueta_alineacion": "☀️ Equinoccio (Este Puro)",
        "acimut_grados": 98.0,
        "explicacion_alineacion": "Eje de orientación equinoccial exacta hacia el orto solar (Az 98.0°)."
      }
    },
    {
      "type": "Feature",
      "geometry": {
        "type": "LineString",
        "coordinates": [
          [
            -5.6422,
            36.815
          ],
          [
            -5.514938775226256,
            36.91667886040202
          ]
        ]
      },
      "properties": {
        "origen_nombre": "Dolmen de Alberite",
        "origen_tipo": "Megalito",
        "fecha_origen": -4000,
        "subcapa": "align_stellar",
        "etiqueta_alineacion": "⭐ Puntería a Arturo (Boötes)",
        "acimut_grados": 45.0,
        "explicacion_alineacion": "Eje astronómico proyectado exactamente hacia la salida de Arturo (Boötes) en el año -4000 (Az 45.0°)."
      }
    },
    {
      "type": "Feature",
      "geometry": {
        "type": "LineString",
        "coordinates": [
          [
            -3.05,
            37.4833
          ],
          [
            -2.896379699979441,
            37.40694965436687
          ]
        ]
      },
      "properties": {
        "origen_nombre": "Necropolis de Gorafe",
        "origen_tipo": "Megalito",
        "fecha_origen": -2800,
        "subcapa": "align_solar",
        "etiqueta_alineacion": "☀️ Solsticio de Invierno",
        "acimut_grados": 122.0,
        "explicacion_alineacion": "Eje orientado a la salida del Sol en el Solsticio de Invierno en el año -2800 (Az 122.0°)."
      }
    },
    {
      "type": "Feature",
      "geometry": {
        "type": "LineString",
        "coordinates": [
          [
            -5.195,
            36.7808
          ],
          [
            -5.067795795831589,
            36.882478944725435
          ]
        ]
      },
      "properties": {
        "origen_nombre": "Dolmen del Gigante",
        "origen_tipo": "Megalito",
        "fecha_origen": -3000,
        "subcapa": "align_stellar",
        "etiqueta_alineacion": "⭐ Puntería a Arturo (Boötes)",
        "acimut_grados": 45.0,
        "explicacion_alineacion": "Eje astronómico proyectado exactamente hacia la salida de Arturo (Boötes) en el año -3000 (Az 45.0°)."
      }
    },
    {
      "type": "Feature",
      "geometry": {
        "type": "LineString",
        "coordinates": [
          [
            -6.4255,
            39.052
          ],
          [
            -6.2577148662477615,
            38.99106859394633
          ]
        ]
      },
      "properties": {
        "origen_nombre": "Dolmen de Lácara",
        "origen_tipo": "Megalito",
        "fecha_origen": -4000,
        "subcapa": "align_solar",
        "etiqueta_alineacion": "☀️ Solsticio de Invierno",
        "acimut_grados": 115.0,
        "explicacion_alineacion": "Eje orientado a la salida del Sol en el Solsticio de Invierno en el año -4000 (Az 115.0°)."
      }
    },
    {
      "type": "Feature",
      "geometry": {
        "type": "LineString",
        "coordinates": [
          [
            -7.1432,
            39.4215
          ],
          [
            -6.978575332684772,
            39.48893698736821
          ]
        ]
      },
      "properties": {
        "origen_nombre": "Dolmen del Mellizo",
        "origen_tipo": "Megalito",
        "fecha_origen": -3000,
        "subcapa": "align_solar",
        "etiqueta_alineacion": "☀️ Solsticio de Verano",
        "acimut_grados": 62.0,
        "explicacion_alineacion": "Eje orientado a la salida del Sol en el Solsticio de Verano en el año -3000 (Az 62.0°)."
      }
    },
    {
      "type": "Feature",
      "geometry": {
        "type": "LineString",
        "coordinates": [
          [
            -5.733,
            38.895
          ],
          [
            -5.549971426728894,
            38.874831297454485
          ]
        ]
      },
      "properties": {
        "origen_nombre": "Dolmen de Magacela",
        "origen_tipo": "Megalito",
        "fecha_origen": -3000,
        "subcapa": "align_solar",
        "etiqueta_alineacion": "☀️ Equinoccio (Este Puro)",
        "acimut_grados": 98.0,
        "explicacion_alineacion": "Eje de orientación equinoccial exacta hacia el orto solar (Az 98.0°)."
      }
    },
    {
      "type": "Feature",
      "geometry": {
        "type": "LineString",
        "coordinates": [
          [
            -6.8845,
            38.2933
          ],
          [
            -6.71847992398627,
            38.23237181276056
          ]
        ]
      },
      "properties": {
        "origen_nombre": "Dolmen de Toriñuelo",
        "origen_tipo": "Megalito",
        "fecha_origen": -3000,
        "subcapa": "align_solar",
        "etiqueta_alineacion": "☀️ Solsticio de Invierno",
        "acimut_grados": 115.0,
        "explicacion_alineacion": "Eje orientado a la salida del Sol en el Solsticio de Invierno en el año -3000 (Az 115.0°)."
      }
    },
    {
      "type": "Feature",
      "geometry": {
        "type": "LineString",
        "coordinates": [
          [
            -5.4055,
            39.8385
          ],
          [
            -5.235813319480903,
            39.77756518350373
          ]
        ]
      },
      "properties": {
        "origen_nombre": "Dolmen de Guadalperal",
        "origen_tipo": "Megalito",
        "fecha_origen": -4000,
        "subcapa": "align_solar",
        "etiqueta_alineacion": "☀️ Solsticio de Invierno",
        "acimut_grados": 115.0,
        "explicacion_alineacion": "Eje orientado a la salida del Sol en el Solsticio de Invierno en el año -4000 (Az 115.0°)."
      }
    },
    {
      "type": "Feature",
      "geometry": {
        "type": "LineString",
        "coordinates": [
          [
            -7.112,
            39.467
          ],
          [
            -6.953758891036303,
            39.54314368752868
          ]
        ]
      },
      "properties": {
        "origen_nombre": "Dolmen de Trincones",
        "origen_tipo": "Megalito",
        "fecha_origen": -3000,
        "subcapa": "align_solar",
        "etiqueta_alineacion": "☀️ Solsticio de Verano",
        "acimut_grados": 58.0,
        "explicacion_alineacion": "Eje orientado a la salida del Sol en el Solsticio de Verano en el año -3000 (Az 58.0°)."
      }
    },
    {
      "type": "Feature",
      "geometry": {
        "type": "LineString",
        "coordinates": [
          [
            -7.2185,
            39.6389
          ],
          [
            -7.086180604190318,
            39.74057162075096
          ]
        ]
      },
      "properties": {
        "origen_nombre": "Tapada del Anta",
        "origen_tipo": "Megalito",
        "fecha_origen": -3500,
        "subcapa": "align_stellar",
        "etiqueta_alineacion": "⭐ Puntería a Arturo (Boötes)",
        "acimut_grados": 45.0,
        "explicacion_alineacion": "Eje astronómico proyectado exactamente hacia la salida de Arturo (Boötes) en el año -3500 (Az 45.0°)."
      }
    },
    {
      "type": "Feature",
      "geometry": {
        "type": "LineString",
        "coordinates": [
          [
            -7.14,
            39.423
          ],
          [
            -7.008092918282048,
            39.52467219469266
          ]
        ]
      },
      "properties": {
        "origen_nombre": "Dolmen de Lagunita",
        "origen_tipo": "Megalito",
        "fecha_origen": -3000,
        "subcapa": "align_stellar",
        "etiqueta_alineacion": "⭐ Puntería a Arturo (Boötes)",
        "acimut_grados": 45.0,
        "explicacion_alineacion": "Eje astronómico proyectado exactamente hacia la salida de Arturo (Boötes) en el año -3000 (Az 45.0°)."
      }
    },
    {
      "type": "Feature",
      "geometry": {
        "type": "LineString",
        "coordinates": [
          [
            -7.145,
            39.421
          ],
          [
            -7.013096717015838,
            39.5226721999927
          ]
        ]
      },
      "properties": {
        "origen_nombre": "Dolmen de Cajirón",
        "origen_tipo": "Megalito",
        "fecha_origen": -3000,
        "subcapa": "align_stellar",
        "etiqueta_alineacion": "⭐ Puntería a Arturo (Boötes)",
        "acimut_grados": 45.0,
        "explicacion_alineacion": "Eje astronómico proyectado exactamente hacia la salida de Arturo (Boötes) en el año -3000 (Az 45.0°)."
      }
    },
    {
      "type": "Feature",
      "geometry": {
        "type": "LineString",
        "coordinates": [
          [
            -6.9031,
            38.4842
          ],
          [
            -6.730482682505559,
            38.434859517904705
          ]
        ]
      },
      "properties": {
        "origen_nombre": "Dolmen de la Granja",
        "origen_tipo": "Megalito",
        "fecha_origen": -3500,
        "subcapa": "align_stellar",
        "etiqueta_alineacion": "⭐ Puntería a Sirio (Canis Major)",
        "acimut_grados": 110.0,
        "explicacion_alineacion": "Eje astronómico proyectado exactamente hacia la salida de Sirio (Canis Major) en el año -3500 (Az 110.0°)."
      }
    },
    {
      "type": "Feature",
      "geometry": {
        "type": "LineString",
        "coordinates": [
          [
            -6.8122,
            38.5133
          ],
          [
            -6.639513058409276,
            38.46395938578692
          ]
        ]
      },
      "properties": {
        "origen_nombre": "Dolmen de la Lapita",
        "origen_tipo": "Megalito",
        "fecha_origen": -3000,
        "subcapa": "align_stellar",
        "etiqueta_alineacion": "⭐ Puntería a Sirio (Canis Major)",
        "acimut_grados": 110.0,
        "explicacion_alineacion": "Eje astronómico proyectado exactamente hacia la salida de Sirio (Canis Major) en el año -3000 (Az 110.0°)."
      }
    },
    {
      "type": "Feature",
      "geometry": {
        "type": "LineString",
        "coordinates": [
          [
            -5.1328,
            39.7719
          ],
          [
            -4.973858342908002,
            39.84804251954469
          ]
        ]
      },
      "properties": {
        "origen_nombre": "Dolmen de Azután",
        "origen_tipo": "Megalito",
        "fecha_origen": -4000,
        "subcapa": "align_solar",
        "etiqueta_alineacion": "☀️ Solsticio de Verano",
        "acimut_grados": 58.0,
        "explicacion_alineacion": "Eje orientado a la salida del Sol en el Solsticio de Verano en el año -4000 (Az 58.0°)."
      }
    },
    {
      "type": "Feature",
      "geometry": {
        "type": "LineString",
        "coordinates": [
          [
            -4.015,
            40.612
          ],
          [
            -3.880765878188059,
            40.71366898837709
          ]
        ]
      },
      "properties": {
        "origen_nombre": "Dolmen de Entretérminos",
        "origen_tipo": "Megalito",
        "fecha_origen": -3000,
        "subcapa": "align_stellar",
        "etiqueta_alineacion": "⭐ Puntería a Arturo (Boötes)",
        "acimut_grados": 45.0,
        "explicacion_alineacion": "Eje astronómico proyectado exactamente hacia la salida de Arturo (Boötes) en el año -3000 (Az 45.0°)."
      }
    },
    {
      "type": "Feature",
      "geometry": {
        "type": "LineString",
        "coordinates": [
          [
            -4.712,
            40.501
          ],
          [
            -4.551339112994906,
            40.57713968392663
          ]
        ]
      },
      "properties": {
        "origen_nombre": "Cromlech de los Almendros",
        "origen_tipo": "Megalito",
        "fecha_origen": -2500,
        "subcapa": "align_solar",
        "etiqueta_alineacion": "☀️ Solsticio de Verano",
        "acimut_grados": 58.0,
        "explicacion_alineacion": "Eje orientado a la salida del Sol en el Solsticio de Verano en el año -2500 (Az 58.0°)."
      }
    },
    {
      "type": "Feature",
      "geometry": {
        "type": "LineString",
        "coordinates": [
          [
            -2.5028,
            41.1681
          ],
          [
            -2.3135719768681415,
            41.14791930982489
          ]
        ]
      },
      "properties": {
        "origen_nombre": "Valle de Ambrona Sites",
        "origen_tipo": "Megalito",
        "fecha_origen": -3500,
        "subcapa": "align_solar",
        "etiqueta_alineacion": "☀️ Equinoccio (Este Puro)",
        "acimut_grados": 98.0,
        "explicacion_alineacion": "Eje de orientación equinoccial exacta hacia el orto solar (Az 98.0°)."
      }
    },
    {
      "type": "Feature",
      "geometry": {
        "type": "LineString",
        "coordinates": [
          [
            -3.421,
            42.109
          ],
          [
            -3.249563023398368,
            42.176425439201395
          ]
        ]
      },
      "properties": {
        "origen_nombre": "Dolmen de Mazariegos",
        "origen_tipo": "Megalito",
        "fecha_origen": -3000,
        "subcapa": "align_solar",
        "etiqueta_alineacion": "☀️ Solsticio de Verano",
        "acimut_grados": 62.0,
        "explicacion_alineacion": "Eje orientado a la salida del Sol en el Solsticio de Verano en el año -3000 (Az 62.0°)."
      }
    },
    {
      "type": "Feature",
      "geometry": {
        "type": "LineString",
        "coordinates": [
          [
            -2.571,
            42.562
          ],
          [
            -2.4326340876346837,
            42.66366347309996
          ]
        ]
      },
      "properties": {
        "origen_nombre": "Dolmen de San Martín",
        "origen_tipo": "Megalito",
        "fecha_origen": -3000,
        "subcapa": "align_stellar",
        "etiqueta_alineacion": "⭐ Puntería a Arturo (Boötes)",
        "acimut_grados": 45.0,
        "explicacion_alineacion": "Eje astronómico proyectado exactamente hacia la salida de Arturo (Boötes) en el año -3000 (Az 45.0°)."
      }
    },
    {
      "type": "Feature",
      "geometry": {
        "type": "LineString",
        "coordinates": [
          [
            -2.584,
            42.571
          ],
          [
            -2.4070910089237953,
            42.51005269479322
          ]
        ]
      },
      "properties": {
        "origen_nombre": "Dolmen de la Huesera",
        "origen_tipo": "Megalito",
        "fecha_origen": -3000,
        "subcapa": "align_solar",
        "etiqueta_alineacion": "☀️ Solsticio de Invierno",
        "acimut_grados": 115.0,
        "explicacion_alineacion": "Eje orientado a la salida del Sol en el Solsticio de Invierno en el año -3000 (Az 115.0°)."
      }
    },
    {
      "type": "Feature",
      "geometry": {
        "type": "LineString",
        "coordinates": [
          [
            -2.586,
            42.567
          ],
          [
            -2.447622958177624,
            42.66866345851894
          ]
        ]
      },
      "properties": {
        "origen_nombre": "Chabola de la Hechicera",
        "origen_tipo": "Megalito",
        "fecha_origen": -3000,
        "subcapa": "align_stellar",
        "etiqueta_alineacion": "⭐ Puntería a Arturo (Boötes)",
        "acimut_grados": 45.0,
        "explicacion_alineacion": "Eje astronómico proyectado exactamente hacia la salida de Arturo (Boötes) en el año -3000 (Az 45.0°)."
      }
    },
    {
      "type": "Feature",
      "geometry": {
        "type": "LineString",
        "coordinates": [
          [
            -8.061,
            38.5615
          ],
          [
            -7.8881975142630845,
            38.51215916671794
          ]
        ]
      },
      "properties": {
        "origen_nombre": "Cromlech of the Almendres",
        "origen_tipo": "Megalito",
        "fecha_origen": -6000,
        "subcapa": "align_stellar",
        "etiqueta_alineacion": "⭐ Puntería a Sirio (Canis Major)",
        "acimut_grados": 110.0,
        "explicacion_alineacion": "Eje astronómico proyectado exactamente hacia la salida de Sirio (Canis Major) en el año -6000 (Az 110.0°)."
      }
    },
    {
      "type": "Feature",
      "geometry": {
        "type": "LineString",
        "coordinates": [
          [
            -8.0142,
            38.5392
          ],
          [
            -7.858026225809279,
            38.61534717963357
          ]
        ]
      },
      "properties": {
        "origen_nombre": "Anta Grande do Zambujeiro",
        "origen_tipo": "Megalito",
        "fecha_origen": -4000,
        "subcapa": "align_solar",
        "etiqueta_alineacion": "☀️ Solsticio de Verano",
        "acimut_grados": 58.0,
        "explicacion_alineacion": "Eje orientado a la salida del Sol en el Solsticio de Verano en el año -4000 (Az 58.0°)."
      }
    },
    {
      "type": "Feature",
      "geometry": {
        "type": "LineString",
        "coordinates": [
          [
            -8.0515,
            38.5645
          ],
          [
            -7.8786903135633874,
            38.51515915307325
          ]
        ]
      },
      "properties": {
        "origen_nombre": "Menhir of Almendres",
        "origen_tipo": "Megalito",
        "fecha_origen": -5000,
        "subcapa": "align_stellar",
        "etiqueta_alineacion": "⭐ Puntería a Sirio (Canis Major)",
        "acimut_grados": 110.0,
        "explicacion_alineacion": "Eje astronómico proyectado exactamente hacia la salida de Sirio (Canis Major) en el año -5000 (Az 110.0°)."
      }
    },
    {
      "type": "Feature",
      "geometry": {
        "type": "LineString",
        "coordinates": [
          [
            -7.863,
            38.745
          ],
          [
            -7.7067100351872675,
            38.66864504092364
          ]
        ]
      },
      "properties": {
        "origen_nombre": "Anta da Cerqueira",
        "origen_tipo": "Megalito",
        "fecha_origen": -3000,
        "subcapa": "align_solar",
        "etiqueta_alineacion": "☀️ Solsticio de Invierno",
        "acimut_grados": 122.0,
        "explicacion_alineacion": "Eje orientado a la salida del Sol en el Solsticio de Invierno en el año -3000 (Az 122.0°)."
      }
    },
    {
      "type": "Feature",
      "geometry": {
        "type": "LineString",
        "coordinates": [
          [
            -8.5878,
            37.1983
          ],
          [
            -8.434759969449221,
            37.12195067488612
          ]
        ]
      },
      "properties": {
        "origen_nombre": "Alcalar Monuments",
        "origen_tipo": "Megalito",
        "fecha_origen": -3000,
        "subcapa": "align_solar",
        "etiqueta_alineacion": "☀️ Solsticio de Invierno",
        "acimut_grados": 122.0,
        "explicacion_alineacion": "Eje orientado a la salida del Sol en el Solsticio de Invierno en el año -3000 (Az 122.0°)."
      }
    },
    {
      "type": "Feature",
      "geometry": {
        "type": "LineString",
        "coordinates": [
          [
            -8.0197,
            38.6292
          ],
          [
            -7.863329845084593,
            38.70534684487725
          ]
        ]
      },
      "properties": {
        "origen_nombre": "Portela de Mogos",
        "origen_tipo": "Megalito",
        "fecha_origen": -4000,
        "subcapa": "align_solar",
        "etiqueta_alineacion": "☀️ Solsticio de Verano",
        "acimut_grados": 58.0,
        "explicacion_alineacion": "Eje orientado a la salida del Sol en el Solsticio de Verano en el año -4000 (Az 58.0°)."
      }
    },
    {
      "type": "Feature",
      "geometry": {
        "type": "LineString",
        "coordinates": [
          [
            -7.3942,
            38.4686
          ],
          [
            -7.238509263427666,
            38.392246065288546
          ]
        ]
      },
      "properties": {
        "origen_nombre": "Menhir of Outeiro",
        "origen_tipo": "Megalito",
        "fecha_origen": -4000,
        "subcapa": "align_solar",
        "etiqueta_alineacion": "☀️ Solsticio de Invierno",
        "acimut_grados": 122.0,
        "explicacion_alineacion": "Eje orientado a la salida del Sol en el Solsticio de Invierno en el año -4000 (Az 122.0°)."
      }
    },
    {
      "type": "Feature",
      "geometry": {
        "type": "LineString",
        "coordinates": [
          [
            -7.3194,
            39.0278
          ],
          [
            -7.162149442188561,
            39.103945352067996
          ]
        ]
      },
      "properties": {
        "origen_nombre": "Anta do Tapadão",
        "origen_tipo": "Megalito",
        "fecha_origen": -3500,
        "subcapa": "align_solar",
        "etiqueta_alineacion": "☀️ Solsticio de Verano",
        "acimut_grados": 58.0,
        "explicacion_alineacion": "Eje orientado a la salida del Sol en el Solsticio de Verano en el año -3500 (Az 58.0°)."
      }
    },
    {
      "type": "Feature",
      "geometry": {
        "type": "LineString",
        "coordinates": [
          [
            -8.1292,
            38.5261
          ],
          [
            -7.956482401476231,
            38.4767593276395
          ]
        ]
      },
      "properties": {
        "origen_nombre": "Anta de São Brissos",
        "origen_tipo": "Megalito",
        "fecha_origen": -3000,
        "subcapa": "align_stellar",
        "etiqueta_alineacion": "⭐ Puntería a Sirio (Canis Major)",
        "acimut_grados": 110.0,
        "explicacion_alineacion": "Eje astronómico proyectado exactamente hacia la salida de Sirio (Canis Major) en el año -3000 (Az 110.0°)."
      }
    },
    {
      "type": "Feature",
      "geometry": {
        "type": "LineString",
        "coordinates": [
          [
            -7.3683,
            38.4414
          ],
          [
            -7.212667788649294,
            38.3650461656705
          ]
        ]
      },
      "properties": {
        "origen_nombre": "Xarez Cromlech",
        "origen_tipo": "Megalito",
        "fecha_origen": -4000,
        "subcapa": "align_solar",
        "etiqueta_alineacion": "☀️ Solsticio de Invierno",
        "acimut_grados": 122.0,
        "explicacion_alineacion": "Eje orientado a la salida del Sol en el Solsticio de Invierno en el año -4000 (Az 122.0°)."
      }
    },
    {
      "type": "Feature",
      "geometry": {
        "type": "LineString",
        "coordinates": [
          [
            -8.0169,
            38.8944
          ],
          [
            -7.843291885438476,
            38.84505764562494
          ]
        ]
      },
      "properties": {
        "origen_nombre": "Anta de Pavia",
        "origen_tipo": "Megalito",
        "fecha_origen": -3500,
        "subcapa": "align_stellar",
        "etiqueta_alineacion": "⭐ Puntería a Sirio (Canis Major)",
        "acimut_grados": 110.0,
        "explicacion_alineacion": "Eje astronómico proyectado exactamente hacia la salida de Sirio (Canis Major) en el año -3500 (Az 110.0°)."
      }
    },
    {
      "type": "Feature",
      "geometry": {
        "type": "LineString",
        "coordinates": [
          [
            -7.9892,
            38.6186
          ],
          [
            -7.858790595655326,
            38.7202743021528
          ]
        ]
      },
      "properties": {
        "origen_nombre": "Vale Maria do Meio",
        "origen_tipo": "Megalito",
        "fecha_origen": -4000,
        "subcapa": "align_stellar",
        "etiqueta_alineacion": "⭐ Puntería a Arturo (Boötes)",
        "acimut_grados": 45.0,
        "explicacion_alineacion": "Eje astronómico proyectado exactamente hacia la salida de Arturo (Boötes) en el año -4000 (Az 45.0°)."
      }
    },
    {
      "type": "Feature",
      "geometry": {
        "type": "LineString",
        "coordinates": [
          [
            -7.4208,
            38.4489
          ],
          [
            -7.2389076015213645,
            38.4287335594183
          ]
        ]
      },
      "properties": {
        "origen_nombre": "Rocha dos Namorados",
        "origen_tipo": "Megalito",
        "fecha_origen": -4000,
        "subcapa": "align_solar",
        "etiqueta_alineacion": "☀️ Equinoccio (Este Puro)",
        "acimut_grados": 98.0,
        "explicacion_alineacion": "Eje de orientación equinoccial exacta hacia el orto solar (Az 98.0°)."
      }
    },
    {
      "type": "Feature",
      "geometry": {
        "type": "LineString",
        "coordinates": [
          [
            -8.0411,
            38.5711
          ],
          [
            -7.885188005953903,
            38.494745686331136
          ]
        ]
      },
      "properties": {
        "origen_nombre": "Anta do Pinheiro do Campo",
        "origen_tipo": "Megalito",
        "fecha_origen": -3000,
        "subcapa": "align_solar",
        "etiqueta_alineacion": "☀️ Solsticio de Invierno",
        "acimut_grados": 122.0,
        "explicacion_alineacion": "Eje orientado a la salida del Sol en el Solsticio de Invierno en el año -3000 (Az 122.0°)."
      }
    },
    {
      "type": "Feature",
      "geometry": {
        "type": "LineString",
        "coordinates": [
          [
            -7.3828,
            38.4619
          ],
          [
            -7.216393422440368,
            38.40097110332578
          ]
        ]
      },
      "properties": {
        "origen_nombre": "Menhir of Bulhoa",
        "origen_tipo": "Megalito",
        "fecha_origen": -4000,
        "subcapa": "align_solar",
        "etiqueta_alineacion": "☀️ Solsticio de Invierno",
        "acimut_grados": 115.0,
        "explicacion_alineacion": "Eje orientado a la salida del Sol en el Solsticio de Invierno en el año -4000 (Az 115.0°)."
      }
    },
    {
      "type": "Feature",
      "geometry": {
        "type": "LineString",
        "coordinates": [
          [
            -7.4947,
            37.4089
          ],
          [
            -7.3561018143272685,
            37.316327419794085
          ]
        ]
      },
      "properties": {
        "origen_nombre": "Lavajo Menhirs",
        "origen_tipo": "Megalito",
        "fecha_origen": -3500,
        "subcapa": "align_terrestrial",
        "etiqueta_alineacion": "⚡ Corriente Telúrica / Falla Local",
        "acimut_grados": 130.0,
        "explicacion_alineacion": "Orientación a la falla tectónica o vena de agua kárstica local bajo el corredor (Az 130.0°)."
      }
    },
    {
      "type": "Feature",
      "geometry": {
        "type": "LineString",
        "coordinates": [
          [
            -8.1097,
            38.7497
          ],
          [
            -7.9364437039973765,
            38.700358308530284
          ]
        ]
      },
      "properties": {
        "origen_nombre": "Fontainhas Cromlech",
        "origen_tipo": "Megalito",
        "fecha_origen": -4000,
        "subcapa": "align_stellar",
        "etiqueta_alineacion": "⭐ Puntería a Sirio (Canis Major)",
        "acimut_grados": 110.0,
        "explicacion_alineacion": "Eje astronómico proyectado exactamente hacia la salida de Sirio (Canis Major) en el año -4000 (Az 110.0°)."
      }
    },
    {
      "type": "Feature",
      "geometry": {
        "type": "LineString",
        "coordinates": [
          [
            -7.4642,
            38.4069
          ],
          [
            -7.3083133145101336,
            38.483047670203646
          ]
        ]
      },
      "properties": {
        "origen_nombre": "Anta da Herdade das Murteiras",
        "origen_tipo": "Megalito",
        "fecha_origen": -3000,
        "subcapa": "align_solar",
        "etiqueta_alineacion": "☀️ Solsticio de Verano",
        "acimut_grados": 58.0,
        "explicacion_alineacion": "Eje orientado a la salida del Sol en el Solsticio de Verano en el año -3000 (Az 58.0°)."
      }
    },
    {
      "type": "Feature",
      "geometry": {
        "type": "LineString",
        "coordinates": [
          [
            -7.987,
            38.389
          ],
          [
            -7.831152012386669,
            38.46514773643868
          ]
        ]
      },
      "properties": {
        "origen_nombre": "Anta de Aguiar",
        "origen_tipo": "Megalito",
        "fecha_origen": -3000,
        "subcapa": "align_solar",
        "etiqueta_alineacion": "☀️ Solsticio de Verano",
        "acimut_grados": 58.0,
        "explicacion_alineacion": "Eje orientado a la salida del Sol en el Solsticio de Verano en el año -3000 (Az 58.0°)."
      }
    },
    {
      "type": "Feature",
      "geometry": {
        "type": "LineString",
        "coordinates": [
          [
            -6.4214,
            39.0436
          ],
          [
            -6.253634775246956,
            38.98266862995932
          ]
        ]
      },
      "properties": {
        "origen_nombre": "Dolmen de Lácara",
        "origen_tipo": "Megalito",
        "fecha_origen": -3000,
        "subcapa": "align_solar",
        "etiqueta_alineacion": "☀️ Solsticio de Invierno",
        "acimut_grados": 115.0,
        "explicacion_alineacion": "Eje orientado a la salida del Sol en el Solsticio de Invierno en el año -3000 (Az 115.0°)."
      }
    },
    {
      "type": "Feature",
      "geometry": {
        "type": "LineString",
        "coordinates": [
          [
            -8.2722,
            40.7583
          ],
          [
            -8.111286783699343,
            40.6819373307104
          ]
        ]
      },
      "properties": {
        "origen_nombre": "Anta da Cerqueira",
        "origen_tipo": "Megalito",
        "fecha_origen": -3000,
        "subcapa": "align_solar",
        "etiqueta_alineacion": "☀️ Solsticio de Invierno",
        "acimut_grados": 122.0,
        "explicacion_alineacion": "Eje orientado a la salida del Sol en el Solsticio de Invierno en el año -3000 (Az 122.0°)."
      }
    },
    {
      "type": "Feature",
      "geometry": {
        "type": "LineString",
        "coordinates": [
          [
            -7.4536,
            39.4967
          ],
          [
            -7.2847488809873155,
            39.435766675080465
          ]
        ]
      },
      "properties": {
        "origen_nombre": "Menhir da Meada",
        "origen_tipo": "Megalito",
        "fecha_origen": -3000,
        "subcapa": "align_solar",
        "etiqueta_alineacion": "☀️ Solsticio de Invierno",
        "acimut_grados": 115.0,
        "explicacion_alineacion": "Eje orientado a la salida del Sol en el Solsticio de Invierno en el año -3000 (Az 115.0°)."
      }
    },
    {
      "type": "Feature",
      "geometry": {
        "type": "LineString",
        "coordinates": [
          [
            -6.7497,
            43.5133
          ],
          [
            -6.59794002010143,
            43.420707900668134
          ]
        ]
      },
      "properties": {
        "origen_nombre": "Castro de Coaña",
        "origen_tipo": "Megalito",
        "fecha_origen": -400,
        "subcapa": "align_terrestrial",
        "etiqueta_alineacion": "⚡ Corriente Telúrica / Falla Local",
        "acimut_grados": 130.0,
        "explicacion_alineacion": "Orientación a la falla tectónica o vena de agua kárstica local bajo el corredor (Az 130.0°)."
      }
    },
    {
      "type": "Feature",
      "geometry": {
        "type": "LineString",
        "coordinates": [
          [
            -8.7317,
            41.4086
          ],
          [
            -8.595827150720025,
            41.510266775555195
          ]
        ]
      },
      "properties": {
        "origen_nombre": "Cividade de Terroso",
        "origen_tipo": "Megalito",
        "fecha_origen": -900,
        "subcapa": "align_stellar",
        "etiqueta_alineacion": "⭐ Puntería a Arturo (Boötes)",
        "acimut_grados": 45.0,
        "explicacion_alineacion": "Eje astronómico proyectado exactamente hacia la salida de Arturo (Boötes) en el año -900 (Az 45.0°)."
      }
    },
    {
      "type": "Feature",
      "geometry": {
        "type": "LineString",
        "coordinates": [
          [
            -8.3156,
            41.5272
          ],
          [
            -8.168573751070744,
            41.434614648911946
          ]
        ]
      },
      "properties": {
        "origen_nombre": "Citânia de Briteiros",
        "origen_tipo": "Megalito",
        "fecha_origen": -900,
        "subcapa": "align_terrestrial",
        "etiqueta_alineacion": "⚡ Corriente Telúrica / Falla Local",
        "acimut_grados": 130.0,
        "explicacion_alineacion": "Orientación a la falla tectónica o vena de agua kárstica local bajo el corredor (Az 130.0°)."
      }
    },
    {
      "type": "Feature",
      "geometry": {
        "type": "LineString",
        "coordinates": [
          [
            -2.3364,
            42.8319
          ],
          [
            -2.1702089819258834,
            42.7555288866004
          ]
        ]
      },
      "properties": {
        "origen_nombre": "Dolmen de Sorginetxe",
        "origen_tipo": "Megalito",
        "fecha_origen": -2500,
        "subcapa": "align_solar",
        "etiqueta_alineacion": "☀️ Solsticio de Invierno",
        "acimut_grados": 122.0,
        "explicacion_alineacion": "Eje orientado a la salida del Sol en el Solsticio de Invierno en el año -2500 (Az 122.0°)."
      }
    },
    {
      "type": "Feature",
      "geometry": {
        "type": "LineString",
        "coordinates": [
          [
            -2.5647,
            42.5681
          ],
          [
            -2.426320509315369,
            42.66976345531081
          ]
        ]
      },
      "properties": {
        "origen_nombre": "Chabola de la Hechicera",
        "origen_tipo": "Megalito",
        "fecha_origen": -3000,
        "subcapa": "align_stellar",
        "etiqueta_alineacion": "⭐ Puntería a Arturo (Boötes)",
        "acimut_grados": 45.0,
        "explicacion_alineacion": "Eje astronómico proyectado exactamente hacia la salida de Arturo (Boötes) en el año -3000 (Az 45.0°)."
      }
    },
    {
      "type": "Feature",
      "geometry": {
        "type": "LineString",
        "coordinates": [
          [
            -5.4058,
            39.8392
          ],
          [
            -5.236111593574628,
            39.77826518043384
          ]
        ]
      },
      "properties": {
        "origen_nombre": "Dolmen de Guadalperal",
        "origen_tipo": "Megalito",
        "fecha_origen": -3000,
        "subcapa": "align_solar",
        "etiqueta_alineacion": "☀️ Solsticio de Invierno",
        "acimut_grados": 115.0,
        "explicacion_alineacion": "Eje orientado a la salida del Sol en el Solsticio de Invierno en el año -3000 (Az 115.0°)."
      }
    },
    {
      "type": "Feature",
      "geometry": {
        "type": "LineString",
        "coordinates": [
          [
            -8.0611,
            38.5613
          ],
          [
            -7.920315085911331,
            38.468723995175914
          ]
        ]
      },
      "properties": {
        "origen_nombre": "Cromlech dos Almendres",
        "origen_tipo": "Megalito",
        "fecha_origen": -4000,
        "subcapa": "align_terrestrial",
        "etiqueta_alineacion": "⚡ Corriente Telúrica / Falla Local",
        "acimut_grados": 130.0,
        "explicacion_alineacion": "Orientación a la falla tectónica o vena de agua kárstica local bajo el corredor (Az 130.0°)."
      }
    },
    {
      "type": "Feature",
      "geometry": {
        "type": "LineString",
        "coordinates": [
          [
            -8.0144,
            38.5392
          ],
          [
            -7.858226225809279,
            38.61534717963357
          ]
        ]
      },
      "properties": {
        "origen_nombre": "Anta Grande do Zambujeiro",
        "origen_tipo": "Megalito",
        "fecha_origen": -4000,
        "subcapa": "align_solar",
        "etiqueta_alineacion": "☀️ Solsticio de Verano",
        "acimut_grados": 58.0,
        "explicacion_alineacion": "Eje orientado a la salida del Sol en el Solsticio de Verano en el año -4000 (Az 58.0°)."
      }
    },
    {
      "type": "Feature",
      "geometry": {
        "type": "LineString",
        "coordinates": [
          [
            -4.5444,
            37.025
          ],
          [
            -4.381186084580378,
            36.96407704670077
          ]
        ]
      },
      "properties": {
        "origen_nombre": "Dolmen de Viera",
        "origen_tipo": "Megalito",
        "fecha_origen": -3000,
        "subcapa": "align_solar",
        "etiqueta_alineacion": "☀️ Solsticio de Invierno",
        "acimut_grados": 115.0,
        "explicacion_alineacion": "Eje orientado a la salida del Sol en el Solsticio de Invierno en el año -3000 (Az 115.0°)."
      }
    },
    {
      "type": "Feature",
      "geometry": {
        "type": "LineString",
        "coordinates": [
          [
            -4.5583,
            37.0217
          ],
          [
            -4.389055476958305,
            36.97236602477451
          ]
        ]
      },
      "properties": {
        "origen_nombre": "Tholos de El Romeral",
        "origen_tipo": "Megalito",
        "fecha_origen": -1800,
        "subcapa": "align_stellar",
        "etiqueta_alineacion": "⭐ Puntería a Sirio (Canis Major)",
        "acimut_grados": 110.0,
        "explicacion_alineacion": "Eje astronómico proyectado exactamente hacia la salida de Sirio (Canis Major) en el año -1800 (Az 110.0°)."
      }
    },
    {
      "type": "Feature",
      "geometry": {
        "type": "LineString",
        "coordinates": [
          [
            -6.7511,
            37.3511
          ],
          [
            -6.612608237571666,
            37.25852758877348
          ]
        ]
      },
      "properties": {
        "origen_nombre": "Dolmen de Soto",
        "origen_tipo": "Megalito",
        "fecha_origen": -3000,
        "subcapa": "align_terrestrial",
        "etiqueta_alineacion": "⚡ Corriente Telúrica / Falla Local",
        "acimut_grados": 130.0,
        "explicacion_alineacion": "Orientación a la falla tectónica o vena de agua kárstica local bajo el corredor (Az 130.0°)."
      }
    },
    {
      "type": "Feature",
      "geometry": {
        "type": "LineString",
        "coordinates": [
          [
            -8.8719,
            41.8906
          ],
          [
            -8.735003063441306,
            41.99226541005156
          ]
        ]
      },
      "properties": {
        "origen_nombre": "Castro de Santa Trega",
        "origen_tipo": "Megalito",
        "fecha_origen": -400,
        "subcapa": "align_stellar",
        "etiqueta_alineacion": "⭐ Puntería a Arturo (Boötes)",
        "acimut_grados": 45.0,
        "explicacion_alineacion": "Eje astronómico proyectado exactamente hacia la salida de Arturo (Boötes) en el año -400 (Az 45.0°)."
      }
    },
    {
      "type": "Feature",
      "geometry": {
        "type": "LineString",
        "coordinates": [
          [
            -9.0347,
            42.7186
          ],
          [
            -8.86881194964455,
            42.642229362348104
          ]
        ]
      },
      "properties": {
        "origen_nombre": "Castro de Baroña",
        "origen_tipo": "Megalito",
        "fecha_origen": -100,
        "subcapa": "align_solar",
        "etiqueta_alineacion": "☀️ Solsticio de Invierno",
        "acimut_grados": 122.0,
        "explicacion_alineacion": "Eje orientado a la salida del Sol en el Solsticio de Invierno en el año -100 (Az 122.0°)."
      }
    },
    {
      "type": "Feature",
      "geometry": {
        "type": "LineString",
        "coordinates": [
          [
            -8.9567,
            43.1903
          ],
          [
            -8.789538956343696,
            43.113927370135976
          ]
        ]
      },
      "properties": {
        "origen_nombre": "Dolmen de Dombate",
        "origen_tipo": "Megalito",
        "fecha_origen": -3800,
        "subcapa": "align_solar",
        "etiqueta_alineacion": "☀️ Solsticio de Invierno",
        "acimut_grados": 122.0,
        "explicacion_alineacion": "Eje orientado a la salida del Sol en el Solsticio de Invierno en el año -3800 (Az 122.0°)."
      }
    },
    {
      "type": "Feature",
      "geometry": {
        "type": "LineString",
        "coordinates": [
          [
            -7.3919,
            38.4681
          ],
          [
            -7.261764202576893,
            38.5697746911677
          ]
        ]
      },
      "properties": {
        "origen_nombre": "Menhir de Outeiro",
        "origen_tipo": "Megalito",
        "fecha_origen": -4000,
        "subcapa": "align_stellar",
        "etiqueta_alineacion": "⭐ Puntería a Arturo (Boötes)",
        "acimut_grados": 45.0,
        "explicacion_alineacion": "Eje astronómico proyectado exactamente hacia la salida de Arturo (Boötes) en el año -4000 (Az 45.0°)."
      }
    },
    {
      "type": "Feature",
      "geometry": {
        "type": "LineString",
        "coordinates": [
          [
            -7.8467,
            40.8525
          ],
          [
            -7.701176250944487,
            40.75991684755096
          ]
        ]
      },
      "properties": {
        "origen_nombre": "Anta de Pendilhe",
        "origen_tipo": "Megalito",
        "fecha_origen": -3000,
        "subcapa": "align_terrestrial",
        "etiqueta_alineacion": "⚡ Corriente Telúrica / Falla Local",
        "acimut_grados": 130.0,
        "explicacion_alineacion": "Orientación a la falla tectónica o vena de agua kárstica local bajo el corredor (Az 130.0°)."
      }
    },
    {
      "type": "Feature",
      "geometry": {
        "type": "LineString",
        "coordinates": [
          [
            -8.0267,
            38.6292
          ],
          [
            -7.870329845084592,
            38.70534684487725
          ]
        ]
      },
      "properties": {
        "origen_nombre": "Cromeleque de Portela de Mogos",
        "origen_tipo": "Megalito",
        "fecha_origen": -4000,
        "subcapa": "align_solar",
        "etiqueta_alineacion": "☀️ Solsticio de Verano",
        "acimut_grados": 58.0,
        "explicacion_alineacion": "Eje orientado a la salida del Sol en el Solsticio de Verano en el año -4000 (Az 58.0°)."
      }
    },
    {
      "type": "Feature",
      "geometry": {
        "type": "LineString",
        "coordinates": [
          [
            -8.0353,
            42.3486
          ],
          [
            -7.842561244039435,
            42.32841275269018
          ]
        ]
      },
      "properties": {
        "origen_nombre": "Castro de San Cibrao de Las",
        "origen_tipo": "Megalito",
        "fecha_origen": -200,
        "subcapa": "align_solar",
        "etiqueta_alineacion": "☀️ Equinoccio (Este Puro)",
        "acimut_grados": 98.0,
        "explicacion_alineacion": "Eje de orientación equinoccial exacta hacia el orto solar (Az 98.0°)."
      }
    },
    {
      "type": "Feature",
      "geometry": {
        "type": "LineString",
        "coordinates": [
          [
            -2.5519,
            42.8711
          ],
          [
            -2.4128406847891473,
            42.97276256726177
          ]
        ]
      },
      "properties": {
        "origen_nombre": "Dolmen de San Adrián",
        "origen_tipo": "Megalito",
        "fecha_origen": -3000,
        "subcapa": "align_stellar",
        "etiqueta_alineacion": "⭐ Puntería a Arturo (Boötes)",
        "acimut_grados": 45.0,
        "explicacion_alineacion": "Eje astronómico proyectado exactamente hacia la salida de Arturo (Boötes) en el año -3000 (Az 45.0°)."
      }
    },
    {
      "type": "Feature",
      "geometry": {
        "type": "LineString",
        "coordinates": [
          [
            -1.8089,
            43.2503
          ],
          [
            -1.6689748807719367,
            43.35196144347103
          ]
        ]
      },
      "properties": {
        "origen_nombre": "Cromlech de Oianleku",
        "origen_tipo": "Megalito",
        "fecha_origen": -1000,
        "subcapa": "align_stellar",
        "etiqueta_alineacion": "⭐ Puntería a Arturo (Boötes)",
        "acimut_grados": 45.0,
        "explicacion_alineacion": "Eje astronómico proyectado exactamente hacia la salida de Arturo (Boötes) en el año -1000 (Az 45.0°)."
      }
    },
    {
      "type": "Feature",
      "geometry": {
        "type": "LineString",
        "coordinates": [
          [
            -8.8681,
            37.0683
          ],
          [
            -8.740413439625634,
            37.16997823350006
          ]
        ]
      },
      "properties": {
        "origen_nombre": "Menhir de Aspradantes",
        "origen_tipo": "Megalito",
        "fecha_origen": -3000,
        "subcapa": "align_stellar",
        "etiqueta_alineacion": "⭐ Puntería a Arturo (Boötes)",
        "acimut_grados": 45.0,
        "explicacion_alineacion": "Eje astronómico proyectado exactamente hacia la salida de Arturo (Boötes) en el año -3000 (Az 45.0°)."
      }
    },
    {
      "type": "Feature",
      "geometry": {
        "type": "LineString",
        "coordinates": [
          [
            -9.4628,
            38.7758
          ],
          [
            -9.332102612091,
            38.87747389406616
          ]
        ]
      },
      "properties": {
        "origen_nombre": "Anta de Adrenunes",
        "origen_tipo": "Megalito",
        "fecha_origen": -3000,
        "subcapa": "align_stellar",
        "etiqueta_alineacion": "⭐ Puntería a Arturo (Boötes)",
        "acimut_grados": 45.0,
        "explicacion_alineacion": "Eje astronómico proyectado exactamente hacia la salida de Arturo (Boötes) en el año -3000 (Az 45.0°)."
      }
    },
    {
      "type": "Feature",
      "geometry": {
        "type": "LineString",
        "coordinates": [
          [
            -9.2814,
            39.0744
          ],
          [
            -9.107350687437771,
            39.025056817227934
          ]
        ]
      },
      "properties": {
        "origen_nombre": "Castro do Zambujal",
        "origen_tipo": "Megalito",
        "fecha_origen": -3000,
        "subcapa": "align_stellar",
        "etiqueta_alineacion": "⭐ Puntería a Sirio (Canis Major)",
        "acimut_grados": 110.0,
        "explicacion_alineacion": "Eje astronómico proyectado exactamente hacia la salida de Sirio (Canis Major) en el año -3000 (Az 110.0°)."
      }
    },
    {
      "type": "Feature",
      "geometry": {
        "type": "LineString",
        "coordinates": [
          [
            -2.5369,
            42.5447
          ],
          [
            -2.3875085346362077,
            42.45211124516902
          ]
        ]
      },
      "properties": {
        "origen_nombre": "Dolmen de la Cueva del Moro",
        "origen_tipo": "Megalito",
        "fecha_origen": -3000,
        "subcapa": "align_terrestrial",
        "etiqueta_alineacion": "⚡ Corriente Telúrica / Falla Local",
        "acimut_grados": 130.0,
        "explicacion_alineacion": "Orientación a la falla tectónica o vena de agua kárstica local bajo el corredor (Az 130.0°)."
      }
    },
    {
      "type": "Feature",
      "geometry": {
        "type": "LineString",
        "coordinates": [
          [
            -6.8925,
            38.1631
          ],
          [
            -6.737462075587711,
            38.08674718842972
          ]
        ]
      },
      "properties": {
        "origen_nombre": "Menhires de la Cuenca del Ardila",
        "origen_tipo": "Megalito",
        "fecha_origen": -4000,
        "subcapa": "align_solar",
        "etiqueta_alineacion": "☀️ Solsticio de Invierno",
        "acimut_grados": 122.0,
        "explicacion_alineacion": "Eje orientado a la salida del Sol en el Solsticio de Invierno en el año -4000 (Az 122.0°)."
      }
    },
    {
      "type": "Feature",
      "geometry": {
        "type": "LineString",
        "coordinates": [
          [
            -5.1436,
            39.7711
          ],
          [
            -4.984660195027879,
            39.8472425226228
          ]
        ]
      },
      "properties": {
        "origen_nombre": "Dolmen de Azután",
        "origen_tipo": "Megalito",
        "fecha_origen": -4000,
        "subcapa": "align_solar",
        "etiqueta_alineacion": "☀️ Solsticio de Verano",
        "acimut_grados": 58.0,
        "explicacion_alineacion": "Eje orientado a la salida del Sol en el Solsticio de Verano en el año -4000 (Az 58.0°)."
      }
    },
    {
      "type": "Feature",
      "geometry": {
        "type": "LineString",
        "coordinates": [
          [
            -3.6558,
            42.7108
          ],
          [
            -3.506010667533575,
            42.61821067905984
          ]
        ]
      },
      "properties": {
        "origen_nombre": "Dolmen de la Cabaña",
        "origen_tipo": "Megalito",
        "fecha_origen": -3000,
        "subcapa": "align_terrestrial",
        "etiqueta_alineacion": "⚡ Corriente Telúrica / Falla Local",
        "acimut_grados": 130.0,
        "explicacion_alineacion": "Orientación a la falla tectónica o vena de agua kárstica local bajo el corredor (Az 130.0°)."
      }
    },
    {
      "type": "Feature",
      "geometry": {
        "type": "LineString",
        "coordinates": [
          [
            -15.5786,
            27.8428
          ],
          [
            -15.431198845846923,
            27.781910548543884
          ]
        ]
      },
      "properties": {
        "origen_nombre": "Necrópolis de Arteara",
        "origen_tipo": "Megalito",
        "fecha_origen": -400,
        "subcapa": "align_solar",
        "etiqueta_alineacion": "☀️ Solsticio de Invierno",
        "acimut_grados": 115.0,
        "explicacion_alineacion": "Eje orientado a la salida del Sol en el Solsticio de Invierno en el año -400 (Az 115.0°)."
      }
    },
    {
      "type": "Feature",
      "geometry": {
        "type": "LineString",
        "coordinates": [
          [
            -7.2308,
            39.4181
          ],
          [
            -7.098902224505759,
            39.5197722076772
          ]
        ]
      },
      "properties": {
        "origen_nombre": "Dolmen de El Mellizo",
        "origen_tipo": "Megalito",
        "fecha_origen": -3000,
        "subcapa": "align_stellar",
        "etiqueta_alineacion": "⭐ Puntería a Arturo (Boötes)",
        "acimut_grados": 45.0,
        "explicacion_alineacion": "Eje astronómico proyectado exactamente hacia la salida de Arturo (Boötes) en el año -3000 (Az 45.0°)."
      }
    },
    {
      "type": "Feature",
      "geometry": {
        "type": "LineString",
        "coordinates": [
          [
            -7.4292,
            43.1603
          ],
          [
            -7.261703289663684,
            43.23642878829828
          ]
        ]
      },
      "properties": {
        "origen_nombre": "Castro de Viladonga",
        "origen_tipo": "Megalito",
        "fecha_origen": 200,
        "subcapa": "align_solar",
        "etiqueta_alineacion": "☀️ Solsticio de Verano",
        "acimut_grados": 58.0,
        "explicacion_alineacion": "Eje orientado a la salida del Sol en el Solsticio de Verano en el año 200 (Az 58.0°)."
      }
    },
    {
      "type": "Feature",
      "geometry": {
        "type": "LineString",
        "coordinates": [
          [
            -8.2128,
            40.6083
          ],
          [
            -8.041178273239485,
            40.54736176914397
          ]
        ]
      },
      "properties": {
        "origen_nombre": "Anta da Arca",
        "origen_tipo": "Megalito",
        "fecha_origen": -3000,
        "subcapa": "align_solar",
        "etiqueta_alineacion": "☀️ Solsticio de Invierno",
        "acimut_grados": 115.0,
        "explicacion_alineacion": "Eje orientado a la salida del Sol en el Solsticio de Invierno en el año -3000 (Az 115.0°)."
      }
    },
    {
      "type": "Feature",
      "geometry": {
        "type": "LineString",
        "coordinates": [
          [
            -7.5519,
            41.01
          ],
          [
            -7.379238419284911,
            40.94905995617375
          ]
        ]
      },
      "properties": {
        "origen_nombre": "Dolmen de Areita",
        "origen_tipo": "Megalito",
        "fecha_origen": -3000,
        "subcapa": "align_solar",
        "etiqueta_alineacion": "☀️ Solsticio de Invierno",
        "acimut_grados": 115.0,
        "explicacion_alineacion": "Eje orientado a la salida del Sol en el Solsticio de Invierno en el año -3000 (Az 115.0°)."
      }
    },
    {
      "type": "Feature",
      "geometry": {
        "type": "LineString",
        "coordinates": [
          [
            -8.4411,
            41.5303
          ],
          [
            -8.27828635186153,
            41.45393425028189
          ]
        ]
      },
      "properties": {
        "origen_nombre": "Mamoa de Lamas",
        "origen_tipo": "Megalito",
        "fecha_origen": -3000,
        "subcapa": "align_solar",
        "etiqueta_alineacion": "☀️ Solsticio de Invierno",
        "acimut_grados": 122.0,
        "explicacion_alineacion": "Eje orientado a la salida del Sol en el Solsticio de Invierno en el año -3000 (Az 122.0°)."
      }
    },
    {
      "type": "Feature",
      "geometry": {
        "type": "LineString",
        "coordinates": [
          [
            -7.7472,
            42.8256
          ],
          [
            -7.581025874445381,
            42.74922891309978
          ]
        ]
      },
      "properties": {
        "origen_nombre": "Castro de Castromaior",
        "origen_tipo": "Megalito",
        "fecha_origen": -400,
        "subcapa": "align_solar",
        "etiqueta_alineacion": "☀️ Solsticio de Invierno",
        "acimut_grados": 122.0,
        "explicacion_alineacion": "Eje orientado a la salida del Sol en el Solsticio de Invierno en el año -400 (Az 122.0°)."
      }
    },
    {
      "type": "Feature",
      "geometry": {
        "type": "LineString",
        "coordinates": [
          [
            -9.0197,
            42.5936
          ],
          [
            -8.842727007303695,
            42.532652587025254
          ]
        ]
      },
      "properties": {
        "origen_nombre": "Dolmen de Axeitos",
        "origen_tipo": "Megalito",
        "fecha_origen": -4000,
        "subcapa": "align_solar",
        "etiqueta_alineacion": "☀️ Solsticio de Invierno",
        "acimut_grados": 115.0,
        "explicacion_alineacion": "Eje orientado a la salida del Sol en el Solsticio de Invierno en el año -4000 (Az 115.0°)."
      }
    },
    {
      "type": "Feature",
      "geometry": {
        "type": "LineString",
        "coordinates": [
          [
            -7.9308,
            38.6253
          ],
          [
            -7.774438373152345,
            38.70144685940081
          ]
        ]
      },
      "properties": {
        "origen_nombre": "Cromeleque de Vale de Maria Meia",
        "origen_tipo": "Megalito",
        "fecha_origen": -3000,
        "subcapa": "align_solar",
        "etiqueta_alineacion": "☀️ Solsticio de Verano",
        "acimut_grados": 58.0,
        "explicacion_alineacion": "Eje orientado a la salida del Sol en el Solsticio de Verano en el año -3000 (Az 58.0°)."
      }
    },
    {
      "type": "Feature",
      "geometry": {
        "type": "LineString",
        "coordinates": [
          [
            -7.3817,
            38.4556
          ],
          [
            -7.251586835430452,
            38.55727472340456
          ]
        ]
      },
      "properties": {
        "origen_nombre": "Menhir de Bulhoa",
        "origen_tipo": "Megalito",
        "fecha_origen": -4000,
        "subcapa": "align_stellar",
        "etiqueta_alineacion": "⭐ Puntería a Arturo (Boötes)",
        "acimut_grados": 45.0,
        "explicacion_alineacion": "Eje astronómico proyectado exactamente hacia la salida de Arturo (Boötes) en el año -4000 (Az 45.0°)."
      }
    },
    {
      "type": "Feature",
      "geometry": {
        "type": "LineString",
        "coordinates": [
          [
            -8.9181,
            42.9722
          ],
          [
            -8.744270718349378,
            43.03962152136002
          ]
        ]
      },
      "properties": {
        "origen_nombre": "Dolmen de Casota do Páramo",
        "origen_tipo": "Megalito",
        "fecha_origen": -3300,
        "subcapa": "align_solar",
        "etiqueta_alineacion": "☀️ Solsticio de Verano",
        "acimut_grados": 62.0,
        "explicacion_alineacion": "Eje orientado a la salida del Sol en el Solsticio de Verano en el año -3300 (Az 62.0°)."
      }
    },
    {
      "type": "Feature",
      "geometry": {
        "type": "LineString",
        "coordinates": [
          [
            -8.878,
            43.045
          ],
          [
            -8.693131539154095,
            42.99563737401676
          ]
        ]
      },
      "properties": {
        "origen_nombre": "Pedra do Cadro",
        "origen_tipo": "Megalito",
        "fecha_origen": -3000,
        "subcapa": "align_stellar",
        "etiqueta_alineacion": "⭐ Puntería a Sirio (Canis Major)",
        "acimut_grados": 110.0,
        "explicacion_alineacion": "Eje astronómico proyectado exactamente hacia la salida de Sirio (Canis Major) en el año -3000 (Az 110.0°)."
      }
    },
    {
      "type": "Feature",
      "geometry": {
        "type": "LineString",
        "coordinates": [
          [
            -8.675,
            42.1883
          ],
          [
            -8.510506930596279,
            42.11193156630234
          ]
        ]
      },
      "properties": {
        "origen_nombre": "Dolmen de Meixoeiro",
        "origen_tipo": "Megalito",
        "fecha_origen": -3500,
        "subcapa": "align_solar",
        "etiqueta_alineacion": "☀️ Solsticio de Invierno",
        "acimut_grados": 122.0,
        "explicacion_alineacion": "Eje orientado a la salida del Sol en el Solsticio de Invierno en el año -3500 (Az 122.0°)."
      }
    },
    {
      "type": "Feature",
      "geometry": {
        "type": "LineString",
        "coordinates": [
          [
            -7.6333,
            42.0667
          ],
          [
            -7.468726671403484,
            42.142833379456945
          ]
        ]
      },
      "properties": {
        "origen_nombre": "Dolmen de Cotos de Badelle",
        "origen_tipo": "Megalito",
        "fecha_origen": -3200,
        "subcapa": "align_solar",
        "etiqueta_alineacion": "☀️ Solsticio de Verano",
        "acimut_grados": 58.0,
        "explicacion_alineacion": "Eje orientado a la salida del Sol en el Solsticio de Verano en el año -3200 (Az 58.0°)."
      }
    },
    {
      "type": "Feature",
      "geometry": {
        "type": "LineString",
        "coordinates": [
          [
            -7.45,
            43.4333
          ],
          [
            -7.281747595892658,
            43.50942761649963
          ]
        ]
      },
      "properties": {
        "origen_nombre": "Dolmen de Cavadoira",
        "origen_tipo": "Megalito",
        "fecha_origen": -3400,
        "subcapa": "align_solar",
        "etiqueta_alineacion": "☀️ Solsticio de Verano",
        "acimut_grados": 58.0,
        "explicacion_alineacion": "Eje orientado a la salida del Sol en el Solsticio de Verano en el año -3400 (Az 58.0°)."
      }
    },
    {
      "type": "Feature",
      "geometry": {
        "type": "LineString",
        "coordinates": [
          [
            -7.5333,
            42.5167
          ],
          [
            -7.367543493400199,
            42.59283150979741
          ]
        ]
      },
      "properties": {
        "origen_nombre": "Dolmen de Abuime",
        "origen_tipo": "Megalito",
        "fecha_origen": -3300,
        "subcapa": "align_solar",
        "etiqueta_alineacion": "☀️ Solsticio de Verano",
        "acimut_grados": 58.0,
        "explicacion_alineacion": "Eje orientado a la salida del Sol en el Solsticio de Verano en el año -3300 (Az 58.0°)."
      }
    },
    {
      "type": "Feature",
      "geometry": {
        "type": "LineString",
        "coordinates": [
          [
            -8.3167,
            43.3
          ],
          [
            -8.148817911028539,
            43.37612818998167
          ]
        ]
      },
      "properties": {
        "origen_nombre": "Dolmen de Moruxo",
        "origen_tipo": "Megalito",
        "fecha_origen": -3500,
        "subcapa": "align_solar",
        "etiqueta_alineacion": "☀️ Solsticio de Verano",
        "acimut_grados": 58.0,
        "explicacion_alineacion": "Eje orientado a la salida del Sol en el Solsticio de Verano en el año -3500 (Az 58.0°)."
      }
    },
    {
      "type": "Feature",
      "geometry": {
        "type": "LineString",
        "coordinates": [
          [
            -6.2167,
            43.3333
          ],
          [
            -6.049146916507911,
            43.256926760111135
          ]
        ]
      },
      "properties": {
        "origen_nombre": "Dolmen de Merillés",
        "origen_tipo": "Megalito",
        "fecha_origen": -3500,
        "subcapa": "align_solar",
        "etiqueta_alineacion": "☀️ Solsticio de Invierno",
        "acimut_grados": 122.0,
        "explicacion_alineacion": "Eje orientado a la salida del Sol en el Solsticio de Invierno en el año -3500 (Az 122.0°)."
      }
    },
    {
      "type": "Feature",
      "geometry": {
        "type": "LineString",
        "coordinates": [
          [
            -5.1278,
            43.3506
          ],
          [
            -4.9601992923272675,
            43.27422668611674
          ]
        ]
      },
      "properties": {
        "origen_nombre": "Dolmen de Santa Cruz (Cangas)",
        "origen_tipo": "Megalito",
        "fecha_origen": -3000,
        "subcapa": "align_solar",
        "etiqueta_alineacion": "☀️ Solsticio de Invierno",
        "acimut_grados": 122.0,
        "explicacion_alineacion": "Eje orientado a la salida del Sol en el Solsticio de Invierno en el año -3000 (Az 122.0°)."
      }
    },
    {
      "type": "Feature",
      "geometry": {
        "type": "LineString",
        "coordinates": [
          [
            -6.7167,
            43.3167
          ],
          [
            -6.53763968613212,
            43.255749097088476
          ]
        ]
      },
      "properties": {
        "origen_nombre": "Dolmen de Pradiella",
        "origen_tipo": "Megalito",
        "fecha_origen": -3200,
        "subcapa": "align_solar",
        "etiqueta_alineacion": "☀️ Solsticio de Invierno",
        "acimut_grados": 115.0,
        "explicacion_alineacion": "Eje orientado a la salida del Sol en el Solsticio de Invierno en el año -3200 (Az 115.0°)."
      }
    },
    {
      "type": "Feature",
      "geometry": {
        "type": "LineString",
        "coordinates": [
          [
            -4.4167,
            43.0833
          ],
          [
            -4.221667373521662,
            43.06310854640432
          ]
        ]
      },
      "properties": {
        "origen_nombre": "Menhir de Sejos",
        "origen_tipo": "Megalito",
        "fecha_origen": -2500,
        "subcapa": "align_solar",
        "etiqueta_alineacion": "☀️ Equinoccio (Este Puro)",
        "acimut_grados": 98.0,
        "explicacion_alineacion": "Eje de orientación equinoccial exacta hacia el orto solar (Az 98.0°)."
      }
    },
    {
      "type": "Feature",
      "geometry": {
        "type": "LineString",
        "coordinates": [
          [
            -4.4167,
            43.2
          ],
          [
            -4.249094053999613,
            43.27612861854796
          ]
        ]
      },
      "properties": {
        "origen_nombre": "Dolmen de Garabandal",
        "origen_tipo": "Megalito",
        "fecha_origen": -3000,
        "subcapa": "align_solar",
        "etiqueta_alineacion": "☀️ Solsticio de Verano",
        "acimut_grados": 58.0,
        "explicacion_alineacion": "Eje orientado a la salida del Sol en el Solsticio de Verano en el año -3000 (Az 58.0°)."
      }
    },
    {
      "type": "Feature",
      "geometry": {
        "type": "LineString",
        "coordinates": [
          [
            -4.1,
            42.7833
          ],
          [
            -3.9335295973348106,
            42.85943038935219
          ]
        ]
      },
      "properties": {
        "origen_nombre": "Túmulo de la Lora",
        "origen_tipo": "Megalito",
        "fecha_origen": -3500,
        "subcapa": "align_solar",
        "etiqueta_alineacion": "☀️ Solsticio de Verano",
        "acimut_grados": 58.0,
        "explicacion_alineacion": "Eje orientado a la salida del Sol en el Solsticio de Verano en el año -3500 (Az 58.0°)."
      }
    },
    {
      "type": "Feature",
      "geometry": {
        "type": "LineString",
        "coordinates": [
          [
            -1.7333,
            43.3
          ],
          [
            -1.5654179110285382,
            43.37612818998167
          ]
        ]
      },
      "properties": {
        "origen_nombre": "Cromlech de Mandale",
        "origen_tipo": "Megalito",
        "fecha_origen": -1200,
        "subcapa": "align_solar",
        "etiqueta_alineacion": "☀️ Solsticio de Verano",
        "acimut_grados": 58.0,
        "explicacion_alineacion": "Eje orientado a la salida del Sol en el Solsticio de Verano en el año -1200 (Az 58.0°)."
      }
    },
    {
      "type": "Feature",
      "geometry": {
        "type": "LineString",
        "coordinates": [
          [
            -2.5908,
            42.5706
          ],
          [
            -2.4253050736532624,
            42.49422998119819
          ]
        ]
      },
      "properties": {
        "origen_nombre": "Dolmen de La Hechicera",
        "origen_tipo": "Megalito",
        "fecha_origen": -3000,
        "subcapa": "align_solar",
        "etiqueta_alineacion": "☀️ Solsticio de Invierno",
        "acimut_grados": 122.0,
        "explicacion_alineacion": "Eje orientado a la salida del Sol en el Solsticio de Invierno en el año -3000 (Az 122.0°)."
      }
    },
    {
      "type": "Feature",
      "geometry": {
        "type": "LineString",
        "coordinates": [
          [
            -2.5714,
            42.5647
          ],
          [
            -2.3779954562810977,
            42.54451152577711
          ]
        ]
      },
      "properties": {
        "origen_nombre": "Dolmen del Alto de la Huesera",
        "origen_tipo": "Megalito",
        "fecha_origen": -3200,
        "subcapa": "align_solar",
        "etiqueta_alineacion": "☀️ Equinoccio (Este Puro)",
        "acimut_grados": 98.0,
        "explicacion_alineacion": "Eje de orientación equinoccial exacta hacia el orto solar (Az 98.0°)."
      }
    },
    {
      "type": "Feature",
      "geometry": {
        "type": "LineString",
        "coordinates": [
          [
            -2.5517,
            42.5539
          ],
          [
            -2.3682905271969927,
            42.50453991015878
          ]
        ]
      },
      "properties": {
        "origen_nombre": "Dolmen de El Sotillo",
        "origen_tipo": "Megalito",
        "fecha_origen": -3100,
        "subcapa": "align_stellar",
        "etiqueta_alineacion": "⭐ Puntería a Sirio (Canis Major)",
        "acimut_grados": 110.0,
        "explicacion_alineacion": "Eje astronómico proyectado exactamente hacia la salida de Sirio (Canis Major) en el año -3100 (Az 110.0°)."
      }
    },
    {
      "type": "Feature",
      "geometry": {
        "type": "LineString",
        "coordinates": [
          [
            -1.0333,
            42.9833
          ],
          [
            -0.8486168614361687,
            42.933937694864895
          ]
        ]
      },
      "properties": {
        "origen_nombre": "Cromlech de Ezkazuri",
        "origen_tipo": "Megalito",
        "fecha_origen": -1500,
        "subcapa": "align_stellar",
        "etiqueta_alineacion": "⭐ Puntería a Sirio (Canis Major)",
        "acimut_grados": 110.0,
        "explicacion_alineacion": "Eje astronómico proyectado exactamente hacia la salida de Sirio (Canis Major) en el año -1500 (Az 110.0°)."
      }
    },
    {
      "type": "Feature",
      "geometry": {
        "type": "LineString",
        "coordinates": [
          [
            -1.2833,
            42.9667
          ],
          [
            -1.116332805802371,
            43.04282961294206
          ]
        ]
      },
      "properties": {
        "origen_nombre": "Dolmen de Arrapea",
        "origen_tipo": "Megalito",
        "fecha_origen": -3000,
        "subcapa": "align_solar",
        "etiqueta_alineacion": "☀️ Solsticio de Verano",
        "acimut_grados": 58.0,
        "explicacion_alineacion": "Eje orientado a la salida del Sol en el Solsticio de Verano en el año -3000 (Az 58.0°)."
      }
    },
    {
      "type": "Feature",
      "geometry": {
        "type": "LineString",
        "coordinates": [
          [
            -1.9,
            43.2833
          ],
          [
            -1.732584320875617,
            43.20692697373163
          ]
        ]
      },
      "properties": {
        "origen_nombre": "Dolmen de Txoritokieta",
        "origen_tipo": "Megalito",
        "fecha_origen": -3000,
        "subcapa": "align_solar",
        "etiqueta_alineacion": "☀️ Solsticio de Invierno",
        "acimut_grados": 122.0,
        "explicacion_alineacion": "Eje orientado a la salida del Sol en el Solsticio de Invierno en el año -3000 (Az 122.0°)."
      }
    },
    {
      "type": "Feature",
      "geometry": {
        "type": "LineString",
        "coordinates": [
          [
            -4.15,
            42.7333
          ],
          [
            -3.9660617982633086,
            42.683938988352224
          ]
        ]
      },
      "properties": {
        "origen_nombre": "Dolmen de la Lastra",
        "origen_tipo": "Megalito",
        "fecha_origen": -3400,
        "subcapa": "align_stellar",
        "etiqueta_alineacion": "⭐ Puntería a Sirio (Canis Major)",
        "acimut_grados": 110.0,
        "explicacion_alineacion": "Eje astronómico proyectado exactamente hacia la salida de Sirio (Canis Major) en el año -3400 (Az 110.0°)."
      }
    },
    {
      "type": "Feature",
      "geometry": {
        "type": "LineString",
        "coordinates": [
          [
            -4.15,
            42.8667
          ],
          [
            -3.9837155727103815,
            42.790328740125645
          ]
        ]
      },
      "properties": {
        "origen_nombre": "Dolmen de San Martin de Hoyos",
        "origen_tipo": "Megalito",
        "fecha_origen": -3200,
        "subcapa": "align_solar",
        "etiqueta_alineacion": "☀️ Solsticio de Invierno",
        "acimut_grados": 122.0,
        "explicacion_alineacion": "Eje orientado a la salida del Sol en el Solsticio de Invierno en el año -3200 (Az 122.0°)."
      }
    },
    {
      "type": "Feature",
      "geometry": {
        "type": "LineString",
        "coordinates": [
          [
            -3.9333,
            42.1667
          ],
          [
            -3.7617063768669134,
            42.234125180674454
          ]
        ]
      },
      "properties": {
        "origen_nombre": "Dolmen de Ciadoncha",
        "origen_tipo": "Megalito",
        "fecha_origen": -3500,
        "subcapa": "align_solar",
        "etiqueta_alineacion": "☀️ Solsticio de Verano",
        "acimut_grados": 62.0,
        "explicacion_alineacion": "Eje orientado a la salida del Sol en el Solsticio de Verano en el año -3500 (Az 62.0°)."
      }
    },
    {
      "type": "Feature",
      "geometry": {
        "type": "LineString",
        "coordinates": [
          [
            -2.4833,
            41.7667
          ],
          [
            -2.335727965656211,
            41.67411385745428
          ]
        ]
      },
      "properties": {
        "origen_nombre": "Dolmen de San Gregorio",
        "origen_tipo": "Megalito",
        "fecha_origen": -3500,
        "subcapa": "align_terrestrial",
        "etiqueta_alineacion": "⚡ Corriente Telúrica / Falla Local",
        "acimut_grados": 130.0,
        "explicacion_alineacion": "Orientación a la falla tectónica o vena de agua kárstica local bajo el corredor (Az 130.0°)."
      }
    },
    {
      "type": "Feature",
      "geometry": {
        "type": "LineString",
        "coordinates": [
          [
            -6.7511,
            37.3528
          ],
          [
            -6.591129395617406,
            37.42024528325272
          ]
        ]
      },
      "properties": {
        "origen_nombre": "Dolmen de Soto (Trigueros)",
        "origen_tipo": "Megalito",
        "fecha_origen": -3000,
        "subcapa": "align_solar",
        "etiqueta_alineacion": "☀️ Solsticio de Verano",
        "acimut_grados": 62.0,
        "explicacion_alineacion": "Eje orientado a la salida del Sol en el Solsticio de Verano en el año -3000 (Az 62.0°)."
      }
    },
    {
      "type": "Feature",
      "geometry": {
        "type": "LineString",
        "coordinates": [
          [
            -4.5472,
            37.0242
          ],
          [
            -4.383987799576474,
            36.96327704994659
          ]
        ]
      },
      "properties": {
        "origen_nombre": "Dolmen de Menga (Antequera)",
        "origen_tipo": "Megalito",
        "fecha_origen": -3700,
        "subcapa": "align_solar",
        "etiqueta_alineacion": "☀️ Solsticio de Invierno",
        "acimut_grados": 115.0,
        "explicacion_alineacion": "Eje orientado a la salida del Sol en el Solsticio de Invierno en el año -3700 (Az 115.0°)."
      }
    },
    {
      "type": "Feature",
      "geometry": {
        "type": "LineString",
        "coordinates": [
          [
            -4.5458,
            37.0239
          ],
          [
            -4.393111038590013,
            36.94755129558787
          ]
        ]
      },
      "properties": {
        "origen_nombre": "Dolmen de Viera (Antequera)",
        "origen_tipo": "Megalito",
        "fecha_origen": -3500,
        "subcapa": "align_solar",
        "etiqueta_alineacion": "☀️ Solsticio de Invierno",
        "acimut_grados": 122.0,
        "explicacion_alineacion": "Eje orientado a la salida del Sol en el Solsticio de Invierno en el año -3500 (Az 122.0°)."
      }
    },
    {
      "type": "Feature",
      "geometry": {
        "type": "LineString",
        "coordinates": [
          [
            -6.65,
            37.6333
          ],
          [
            -6.496070990284988,
            37.55694911412987
          ]
        ]
      },
      "properties": {
        "origen_nombre": "Dolmen del Pozuelo",
        "origen_tipo": "Megalito",
        "fecha_origen": -3000,
        "subcapa": "align_solar",
        "etiqueta_alineacion": "☀️ Solsticio de Invierno",
        "acimut_grados": 122.0,
        "explicacion_alineacion": "Eje orientado a la salida del Sol en el Solsticio de Invierno en el año -3000 (Az 122.0°)."
      }
    },
    {
      "type": "Feature",
      "geometry": {
        "type": "LineString",
        "coordinates": [
          [
            -6.7167,
            39.4
          ],
          [
            -6.574243023046488,
            39.30742143331529
          ]
        ]
      },
      "properties": {
        "origen_nombre": "Dolmen del Tremedal",
        "origen_tipo": "Megalito",
        "fecha_origen": -3200,
        "subcapa": "align_terrestrial",
        "etiqueta_alineacion": "⚡ Corriente Telúrica / Falla Local",
        "acimut_grados": 130.0,
        "explicacion_alineacion": "Orientación a la falla tectónica o vena de agua kárstica local bajo el corredor (Az 130.0°)."
      }
    },
    {
      "type": "Feature",
      "geometry": {
        "type": "LineString",
        "coordinates": [
          [
            -6.75,
            39.3833
          ],
          [
            -6.565698495694264,
            39.3631287887263
          ]
        ]
      },
      "properties": {
        "origen_nombre": "Dolmen de Tapias",
        "origen_tipo": "Megalito",
        "fecha_origen": -3300,
        "subcapa": "align_solar",
        "etiqueta_alineacion": "☀️ Equinoccio (Este Puro)",
        "acimut_grados": 98.0,
        "explicacion_alineacion": "Eje de orientación equinoccial exacta hacia el orto solar (Az 98.0°)."
      }
    },
    {
      "type": "Feature",
      "geometry": {
        "type": "LineString",
        "coordinates": [
          [
            -6.8,
            39.3667
          ],
          [
            -6.635504898886179,
            39.434137213391296
          ]
        ]
      },
      "properties": {
        "origen_nombre": "Dolmen de Lanchas",
        "origen_tipo": "Megalito",
        "fecha_origen": -3200,
        "subcapa": "align_solar",
        "etiqueta_alineacion": "☀️ Solsticio de Verano",
        "acimut_grados": 62.0,
        "explicacion_alineacion": "Eje orientado a la salida del Sol en el Solsticio de Verano en el año -3200 (Az 62.0°)."
      }
    },
    {
      "type": "Feature",
      "geometry": {
        "type": "LineString",
        "coordinates": [
          [
            -6.6833,
            39.4167
          ],
          [
            -6.514642396585626,
            39.35576702207621
          ]
        ]
      },
      "properties": {
        "origen_nombre": "Dolmen de Mellazo",
        "origen_tipo": "Megalito",
        "fecha_origen": -3100,
        "subcapa": "align_solar",
        "etiqueta_alineacion": "☀️ Solsticio de Invierno",
        "acimut_grados": 115.0,
        "explicacion_alineacion": "Eje orientado a la salida del Sol en el Solsticio de Invierno en el año -3100 (Az 115.0°)."
      }
    },
    {
      "type": "Feature",
      "geometry": {
        "type": "LineString",
        "coordinates": [
          [
            -6.7111,
            39.4083
          ],
          [
            -6.579220830121052,
            39.50997223364076
          ]
        ]
      },
      "properties": {
        "origen_nombre": "Dolmen de Data I",
        "origen_tipo": "Megalito",
        "fecha_origen": -3500,
        "subcapa": "align_stellar",
        "etiqueta_alineacion": "⭐ Puntería a Arturo (Boötes)",
        "acimut_grados": 45.0,
        "explicacion_alineacion": "Eje astronómico proyectado exactamente hacia la salida de Arturo (Boötes) en el año -3500 (Az 45.0°)."
      }
    },
    {
      "type": "Feature",
      "geometry": {
        "type": "LineString",
        "coordinates": [
          [
            -6.7125,
            39.4097
          ],
          [
            -6.5543893578375725,
            39.485843905881815
          ]
        ]
      },
      "properties": {
        "origen_nombre": "Dolmen de Data II",
        "origen_tipo": "Megalito",
        "fecha_origen": -3400,
        "subcapa": "align_solar",
        "etiqueta_alineacion": "☀️ Solsticio de Verano",
        "acimut_grados": 58.0,
        "explicacion_alineacion": "Eje orientado a la salida del Sol en el Solsticio de Verano en el año -3400 (Az 58.0°)."
      }
    },
    {
      "type": "Feature",
      "geometry": {
        "type": "LineString",
        "coordinates": [
          [
            -6.7222,
            39.4306
          ],
          [
            -6.564041813726177,
            39.506743826279894
          ]
        ]
      },
      "properties": {
        "origen_nombre": "Dolmen de Zafra III",
        "origen_tipo": "Megalito",
        "fecha_origen": -3300,
        "subcapa": "align_solar",
        "etiqueta_alineacion": "☀️ Solsticio de Verano",
        "acimut_grados": 58.0,
        "explicacion_alineacion": "Eje orientado a la salida del Sol en el Solsticio de Verano en el año -3300 (Az 58.0°)."
      }
    },
    {
      "type": "Feature",
      "geometry": {
        "type": "LineString",
        "coordinates": [
          [
            -8.0614,
            38.5575
          ],
          [
            -7.894772824735887,
            38.49657069958888
          ]
        ]
      },
      "properties": {
        "origen_nombre": "Cromeleque dos Almendres",
        "origen_tipo": "Megalito",
        "fecha_origen": -5000,
        "subcapa": "align_solar",
        "etiqueta_alineacion": "☀️ Solsticio de Invierno",
        "acimut_grados": 115.0,
        "explicacion_alineacion": "Eje orientado a la salida del Sol en el Solsticio de Invierno en el año -5000 (Az 115.0°)."
      }
    },
    {
      "type": "Feature",
      "geometry": {
        "type": "LineString",
        "coordinates": [
          [
            -8.0483,
            38.5639
          ],
          [
            -7.866117114442164,
            38.54373297899604
          ]
        ]
      },
      "properties": {
        "origen_nombre": "Menir dos Almendres",
        "origen_tipo": "Megalito",
        "fecha_origen": -5000,
        "subcapa": "align_solar",
        "etiqueta_alineacion": "☀️ Equinoccio (Este Puro)",
        "acimut_grados": 98.0,
        "explicacion_alineacion": "Eje de orientación equinoccial exacta hacia el orto solar (Az 98.0°)."
      }
    },
    {
      "type": "Feature",
      "geometry": {
        "type": "LineString",
        "coordinates": [
          [
            -7.5833,
            38.8333
          ],
          [
            -7.420047709101224,
            38.90073939503304
          ]
        ]
      },
      "properties": {
        "origen_nombre": "Anta de Herdade das Candieiras",
        "origen_tipo": "Megalito",
        "fecha_origen": -3500,
        "subcapa": "align_solar",
        "etiqueta_alineacion": "☀️ Solsticio de Verano",
        "acimut_grados": 62.0,
        "explicacion_alineacion": "Eje orientado a la salida del Sol en el Solsticio de Verano en el año -3500 (Az 62.0°)."
      }
    },
    {
      "type": "Feature",
      "geometry": {
        "type": "LineString",
        "coordinates": [
          [
            -7.4333,
            39.4833
          ],
          [
            -7.301278208038568,
            39.58497203475325
          ]
        ]
      },
      "properties": {
        "origen_nombre": "Menir da Meada",
        "origen_tipo": "Megalito",
        "fecha_origen": -4500,
        "subcapa": "align_stellar",
        "etiqueta_alineacion": "⭐ Puntería a Arturo (Boötes)",
        "acimut_grados": 45.0,
        "explicacion_alineacion": "Eje astronómico proyectado exactamente hacia la salida de Arturo (Boötes) en el año -4500 (Az 45.0°)."
      }
    },
    {
      "type": "Feature",
      "geometry": {
        "type": "LineString",
        "coordinates": [
          [
            -7.45,
            39.4667
          ],
          [
            -7.291759575081494,
            39.54284368867284
          ]
        ]
      },
      "properties": {
        "origen_nombre": "Anta de Melria",
        "origen_tipo": "Megalito",
        "fecha_origen": -3500,
        "subcapa": "align_solar",
        "etiqueta_alineacion": "☀️ Solsticio de Verano",
        "acimut_grados": 58.0,
        "explicacion_alineacion": "Eje orientado a la salida del Sol en el Solsticio de Verano en el año -3500 (Az 58.0°)."
      }
    },
    {
      "type": "Feature",
      "geometry": {
        "type": "LineString",
        "coordinates": [
          [
            -7.3333,
            40.5
          ],
          [
            -7.172641514362724,
            40.57613968785796
          ]
        ]
      },
      "properties": {
        "origen_nombre": "Anta da Cresteria",
        "origen_tipo": "Megalito",
        "fecha_origen": -3200,
        "subcapa": "align_solar",
        "etiqueta_alineacion": "☀️ Solsticio de Verano",
        "acimut_grados": 58.0,
        "explicacion_alineacion": "Eje orientado a la salida del Sol en el Solsticio de Verano en el año -3200 (Az 58.0°)."
      }
    },
    {
      "type": "Feature",
      "geometry": {
        "type": "LineString",
        "coordinates": [
          [
            -7.4667,
            40.75
          ],
          [
            -7.321400071773429,
            40.6574171776524
          ]
        ]
      },
      "properties": {
        "origen_nombre": "Dolmen de Carapito I",
        "origen_tipo": "Megalito",
        "fecha_origen": -3500,
        "subcapa": "align_terrestrial",
        "etiqueta_alineacion": "⚡ Corriente Telúrica / Falla Local",
        "acimut_grados": 130.0,
        "explicacion_alineacion": "Orientación a la falla tectónica o vena de agua kárstica local bajo el corredor (Az 130.0°)."
      }
    },
    {
      "type": "Feature",
      "geometry": {
        "type": "LineString",
        "coordinates": [
          [
            -7.95,
            38.9333
          ],
          [
            -7.819011809514075,
            39.03497348338612
          ]
        ]
      },
      "properties": {
        "origen_nombre": "Anta do Monte da Ordem",
        "origen_tipo": "Megalito",
        "fecha_origen": -3500,
        "subcapa": "align_stellar",
        "etiqueta_alineacion": "⭐ Puntería a Arturo (Boötes)",
        "acimut_grados": 45.0,
        "explicacion_alineacion": "Eje astronómico proyectado exactamente hacia la salida de Arturo (Boötes) en el año -3500 (Az 45.0°)."
      }
    },
    {
      "type": "Feature",
      "geometry": {
        "type": "LineString",
        "coordinates": [
          [
            -7.8,
            38.2
          ],
          [
            -7.6280573885220955,
            38.150660802642754
          ]
        ]
      },
      "properties": {
        "origen_nombre": "Anta da Vidigueira",
        "origen_tipo": "Megalito",
        "fecha_origen": -3300,
        "subcapa": "align_stellar",
        "etiqueta_alineacion": "⭐ Puntería a Sirio (Canis Major)",
        "acimut_grados": 110.0,
        "explicacion_alineacion": "Eje astronómico proyectado exactamente hacia la salida de Sirio (Canis Major) en el año -3300 (Az 110.0°)."
      }
    },
    {
      "type": "Feature",
      "geometry": {
        "type": "LineString",
        "coordinates": [
          [
            -7.3606,
            38.4633
          ],
          [
            -7.178671318357018,
            38.443133486840686
          ]
        ]
      },
      "properties": {
        "origen_nombre": "Menir de Bulhoa",
        "origen_tipo": "Megalito",
        "fecha_origen": -4000,
        "subcapa": "align_solar",
        "etiqueta_alineacion": "☀️ Equinoccio (Este Puro)",
        "acimut_grados": 98.0,
        "explicacion_alineacion": "Eje de orientación equinoccial exacta hacia el orto solar (Az 98.0°)."
      }
    },
    {
      "type": "Feature",
      "geometry": {
        "type": "LineString",
        "coordinates": [
          [
            -7.3917,
            38.4683
          ],
          [
            -7.235680312387054,
            38.54444744275614
          ]
        ]
      },
      "properties": {
        "origen_nombre": "Menir do Outeiro",
        "origen_tipo": "Megalito",
        "fecha_origen": -4000,
        "subcapa": "align_solar",
        "etiqueta_alineacion": "☀️ Solsticio de Verano",
        "acimut_grados": 58.0,
        "explicacion_alineacion": "Eje orientado a la salida del Sol en el Solsticio de Verano en el año -4000 (Az 58.0°)."
      }
    },
    {
      "type": "Feature",
      "geometry": {
        "type": "LineString",
        "coordinates": [
          [
            -7.3833,
            38.45
          ],
          [
            -7.227649292900408,
            38.37364613394024
          ]
        ]
      },
      "properties": {
        "origen_nombre": "Cromeleque do Xarez",
        "origen_tipo": "Megalito",
        "fecha_origen": -4000,
        "subcapa": "align_solar",
        "etiqueta_alineacion": "☀️ Solsticio de Invierno",
        "acimut_grados": 122.0,
        "explicacion_alineacion": "Eje orientado a la salida del Sol en el Solsticio de Invierno en el año -4000 (Az 122.0°)."
      }
    },
    {
      "type": "Feature",
      "geometry": {
        "type": "LineString",
        "coordinates": [
          [
            3.1603,
            42.2575
          ],
          [
            3.324972972404536,
            42.18113128080613
          ]
        ]
      },
      "properties": {
        "origen_nombre": "Dolmen de Creu d'en Cobertella",
        "origen_tipo": "Megalito",
        "fecha_origen": -3000,
        "subcapa": "align_solar",
        "etiqueta_alineacion": "☀️ Solsticio de Invierno",
        "acimut_grados": 122.0,
        "explicacion_alineacion": "Eje orientado a la salida del Sol en el Solsticio de Invierno en el año -3000 (Az 122.0°)."
      }
    },
    {
      "type": "Feature",
      "geometry": {
        "type": "LineString",
        "coordinates": [
          [
            1.4833,
            41.8833
          ],
          [
            1.6541286335670369,
            41.95072644594764
          ]
        ]
      },
      "properties": {
        "origen_nombre": "Dolmen de Llanera",
        "origen_tipo": "Megalito",
        "fecha_origen": -3200,
        "subcapa": "align_solar",
        "etiqueta_alineacion": "☀️ Solsticio de Verano",
        "acimut_grados": 62.0,
        "explicacion_alineacion": "Eje orientado a la salida del Sol en el Solsticio de Verano en el año -3200 (Az 62.0°)."
      }
    },
    {
      "type": "Feature",
      "geometry": {
        "type": "LineString",
        "coordinates": [
          [
            2.8,
            41.8333
          ],
          [
            2.9706948069834023,
            41.9007266680102
          ]
        ]
      },
      "properties": {
        "origen_nombre": "Dolmen del Mas Bou-Serenys",
        "origen_tipo": "Megalito",
        "fecha_origen": -3000,
        "subcapa": "align_solar",
        "etiqueta_alineacion": "☀️ Solsticio de Verano",
        "acimut_grados": 62.0,
        "explicacion_alineacion": "Eje orientado a la salida del Sol en el Solsticio de Verano en el año -3000 (Az 62.0°)."
      }
    },
    {
      "type": "Feature",
      "geometry": {
        "type": "LineString",
        "coordinates": [
          [
            2.9667,
            42.3833
          ],
          [
            3.1496111500861033,
            42.333940781854075
          ]
        ]
      },
      "properties": {
        "origen_nombre": "Dolmen de Cabana Arqueta",
        "origen_tipo": "Megalito",
        "fecha_origen": -3200,
        "subcapa": "align_stellar",
        "etiqueta_alineacion": "⭐ Puntería a Sirio (Canis Major)",
        "acimut_grados": 110.0,
        "explicacion_alineacion": "Eje astronómico proyectado exactamente hacia la salida de Sirio (Canis Major) en el año -3200 (Az 110.0°)."
      }
    },
    {
      "type": "Feature",
      "geometry": {
        "type": "LineString",
        "coordinates": [
          [
            2.9833,
            42.3833
          ],
          [
            3.1554857837160375,
            42.45072420595358
          ]
        ]
      },
      "properties": {
        "origen_nombre": "Dolmen de la Gutierrez",
        "origen_tipo": "Megalito",
        "fecha_origen": -3000,
        "subcapa": "align_solar",
        "etiqueta_alineacion": "☀️ Solsticio de Verano",
        "acimut_grados": 62.0,
        "explicacion_alineacion": "Eje orientado a la salida del Sol en el Solsticio de Verano en el año -3000 (Az 62.0°)."
      }
    },
    {
      "type": "Feature",
      "geometry": {
        "type": "LineString",
        "coordinates": [
          [
            0.1833,
            42.5833
          ],
          [
            0.36024381465974514,
            42.522352636150416
          ]
        ]
      },
      "properties": {
        "origen_nombre": "Dolmen de Tella",
        "origen_tipo": "Megalito",
        "fecha_origen": -3000,
        "subcapa": "align_solar",
        "etiqueta_alineacion": "☀️ Solsticio de Invierno",
        "acimut_grados": 115.0,
        "explicacion_alineacion": "Eje orientado a la salida del Sol en el Solsticio de Invierno en el año -3000 (Az 115.0°)."
      }
    },
    {
      "type": "Feature",
      "geometry": {
        "type": "LineString",
        "coordinates": [
          [
            -0.3167,
            42.6667
          ],
          [
            -0.1670166315271999,
            42.574110829657236
          ]
        ]
      },
      "properties": {
        "origen_nombre": "Dolmen de Santa Elena (Biescas)",
        "origen_tipo": "Megalito",
        "fecha_origen": -3000,
        "subcapa": "align_terrestrial",
        "etiqueta_alineacion": "⚡ Corriente Telúrica / Falla Local",
        "acimut_grados": 130.0,
        "explicacion_alineacion": "Orientación a la falla tectónica o vena de agua kárstica local bajo el corredor (Az 130.0°)."
      }
    },
    {
      "type": "Feature",
      "geometry": {
        "type": "LineString",
        "coordinates": [
          [
            0.6167,
            42.5
          ],
          [
            0.7824121106281894,
            42.5761315796634
          ]
        ]
      },
      "properties": {
        "origen_nombre": "Dolmen de Busramé",
        "origen_tipo": "Megalito",
        "fecha_origen": -3200,
        "subcapa": "align_solar",
        "etiqueta_alineacion": "☀️ Solsticio de Verano",
        "acimut_grados": 58.0,
        "explicacion_alineacion": "Eje orientado a la salida del Sol en el Solsticio de Verano en el año -3200 (Az 58.0°)."
      }
    },
    {
      "type": "Feature",
      "geometry": {
        "type": "LineString",
        "coordinates": [
          [
            -8.9572,
            43.0324
          ],
          [
            -8.79046851577036,
            42.95602804041974
          ]
        ]
      },
      "properties": {
        "origen_nombre": "Arca da Piosa",
        "origen_tipo": "Megalito",
        "fecha_origen": -3500,
        "subcapa": "align_solar",
        "etiqueta_alineacion": "☀️ Solsticio de Invierno",
        "acimut_grados": 122.0,
        "explicacion_alineacion": "Eje orientado a la salida del Sol en el Solsticio de Invierno en el año -3500 (Az 122.0°)."
      }
    },
    {
      "type": "Feature",
      "geometry": {
        "type": "LineString",
        "coordinates": [
          [
            -9.0864,
            43.0478
          ],
          [
            -8.946939333462511,
            43.14946204533183
          ]
        ]
      },
      "properties": {
        "origen_nombre": "Casota de Freáns",
        "origen_tipo": "Megalito",
        "fecha_origen": -3500,
        "subcapa": "align_stellar",
        "etiqueta_alineacion": "⭐ Puntería a Arturo (Boötes)",
        "acimut_grados": 45.0,
        "explicacion_alineacion": "Eje astronómico proyectado exactamente hacia la salida de Arturo (Boötes) en el año -3500 (Az 45.0°)."
      }
    },
    {
      "type": "Feature",
      "geometry": {
        "type": "LineString",
        "coordinates": [
          [
            -8.9668,
            43.0136
          ],
          [
            -8.771988711235036,
            42.9934089497509
          ]
        ]
      },
      "properties": {
        "origen_nombre": "Dolmen de Pedra da Arca (Dumbría)",
        "origen_tipo": "Megalito",
        "fecha_origen": -3500,
        "subcapa": "align_solar",
        "etiqueta_alineacion": "☀️ Equinoccio (Este Puro)",
        "acimut_grados": 98.0,
        "explicacion_alineacion": "Eje de orientación equinoccial exacta hacia el orto solar (Az 98.0°)."
      }
    },
    {
      "type": "Feature",
      "geometry": {
        "type": "LineString",
        "coordinates": [
          [
            -8.9567,
            43.1097
          ],
          [
            -8.778245140075057,
            43.048750104533845
          ]
        ]
      },
      "properties": {
        "origen_nombre": "Dolmen de Pedra Cuberta",
        "origen_tipo": "Megalito",
        "fecha_origen": -3500,
        "subcapa": "align_solar",
        "etiqueta_alineacion": "☀️ Solsticio de Invierno",
        "acimut_grados": 115.0,
        "explicacion_alineacion": "Eje orientado a la salida del Sol en el Solsticio de Invierno en el año -3500 (Az 115.0°)."
      }
    },
    {
      "type": "Feature",
      "geometry": {
        "type": "LineString",
        "coordinates": [
          [
            -8.9481,
            43.1114
          ],
          [
            -8.773874943071949,
            43.17882087926875
          ]
        ]
      },
      "properties": {
        "origen_nombre": "Dolmen de Pedra da Arca (Vimianzo)",
        "origen_tipo": "Megalito",
        "fecha_origen": -3500,
        "subcapa": "align_solar",
        "etiqueta_alineacion": "☀️ Solsticio de Verano",
        "acimut_grados": 62.0,
        "explicacion_alineacion": "Eje orientado a la salida del Sol en el Solsticio de Verano en el año -3500 (Az 62.0°)."
      }
    },
    {
      "type": "Feature",
      "geometry": {
        "type": "LineString",
        "coordinates": [
          [
            -8.6742,
            42.3619
          ],
          [
            -8.508853573135946,
            42.438032155987464
          ]
        ]
      },
      "properties": {
        "origen_nombre": "Dolmen de Chan da Cruz",
        "origen_tipo": "Megalito",
        "fecha_origen": -3500,
        "subcapa": "align_solar",
        "etiqueta_alineacion": "☀️ Solsticio de Verano",
        "acimut_grados": 58.0,
        "explicacion_alineacion": "Eje orientado a la salida del Sol en el Solsticio de Verano en el año -3500 (Az 58.0°)."
      }
    },
    {
      "type": "Feature",
      "geometry": {
        "type": "LineString",
        "coordinates": [
          [
            -8.6186,
            42.5489
          ],
          [
            -8.441753523228947,
            42.48795280010162
          ]
        ]
      },
      "properties": {
        "origen_nombre": "Menhir de Lapa de Gargantáns",
        "origen_tipo": "Megalito",
        "fecha_origen": -3500,
        "subcapa": "align_solar",
        "etiqueta_alineacion": "☀️ Solsticio de Invierno",
        "acimut_grados": 115.0,
        "explicacion_alineacion": "Eje orientado a la salida del Sol en el Solsticio de Invierno en el año -3500 (Az 115.0°)."
      }
    },
    {
      "type": "Feature",
      "geometry": {
        "type": "LineString",
        "coordinates": [
          [
            -7.9719,
            42.1467
          ],
          [
            -7.779776692562102,
            42.126513891388974
          ]
        ]
      },
      "properties": {
        "origen_nombre": "Castro de Castromao",
        "origen_tipo": "Megalito",
        "fecha_origen": -3500,
        "subcapa": "align_solar",
        "etiqueta_alineacion": "☀️ Equinoccio (Este Puro)",
        "acimut_grados": 98.0,
        "explicacion_alineacion": "Eje de orientación equinoccial exacta hacia el orto solar (Az 98.0°)."
      }
    },
    {
      "type": "Feature",
      "geometry": {
        "type": "LineString",
        "coordinates": [
          [
            -7.9656,
            41.9233
          ],
          [
            -7.794664060195444,
            41.99072626804662
          ]
        ]
      },
      "properties": {
        "origen_nombre": "Dolmen Casiña da Moura",
        "origen_tipo": "Megalito",
        "fecha_origen": -3500,
        "subcapa": "align_solar",
        "etiqueta_alineacion": "☀️ Solsticio de Verano",
        "acimut_grados": 62.0,
        "explicacion_alineacion": "Eje orientado a la salida del Sol en el Solsticio de Verano en el año -3500 (Az 62.0°)."
      }
    },
    {
      "type": "Feature",
      "geometry": {
        "type": "LineString",
        "coordinates": [
          [
            -8.7231,
            43.2089
          ],
          [
            -8.55588812646841,
            43.132527290951586
          ]
        ]
      },
      "properties": {
        "origen_nombre": "Anta de Pedra Moura",
        "origen_tipo": "Megalito",
        "fecha_origen": -3500,
        "subcapa": "align_solar",
        "etiqueta_alineacion": "☀️ Solsticio de Invierno",
        "acimut_grados": 122.0,
        "explicacion_alineacion": "Eje orientado a la salida del Sol en el Solsticio de Invierno en el año -3500 (Az 122.0°)."
      }
    },
    {
      "type": "Feature",
      "geometry": {
        "type": "LineString",
        "coordinates": [
          [
            -8.4981,
            43.2982
          ],
          [
            -8.346876212041666,
            43.205608652535524
          ]
        ]
      },
      "properties": {
        "origen_nombre": "Mámoa de Monte de Eiró",
        "origen_tipo": "Megalito",
        "fecha_origen": -3500,
        "subcapa": "align_terrestrial",
        "etiqueta_alineacion": "⚡ Corriente Telúrica / Falla Local",
        "acimut_grados": 130.0,
        "explicacion_alineacion": "Orientación a la falla tectónica o vena de agua kárstica local bajo el corredor (Az 130.0°)."
      }
    },
    {
      "type": "Feature",
      "geometry": {
        "type": "LineString",
        "coordinates": [
          [
            -8.5447,
            42.5431
          ],
          [
            -8.361322202736096,
            42.493739965483186
          ]
        ]
      },
      "properties": {
        "origen_nombre": "Petroglifos de Campo Lameiro",
        "origen_tipo": "Megalito",
        "fecha_origen": -3500,
        "subcapa": "align_stellar",
        "etiqueta_alineacion": "⭐ Puntería a Sirio (Canis Major)",
        "acimut_grados": 110.0,
        "explicacion_alineacion": "Eje astronómico proyectado exactamente hacia la salida de Sirio (Canis Major) en el año -3500 (Az 110.0°)."
      }
    },
    {
      "type": "Feature",
      "geometry": {
        "type": "LineString",
        "coordinates": [
          [
            -6.3712,
            43.2986
          ],
          [
            -6.175478650207245,
            43.27840729466816
          ]
        ]
      },
      "properties": {
        "origen_nombre": "Dolmen de Pradiellas",
        "origen_tipo": "Megalito",
        "fecha_origen": -3500,
        "subcapa": "align_solar",
        "etiqueta_alineacion": "☀️ Equinoccio (Este Puro)",
        "acimut_grados": 98.0,
        "explicacion_alineacion": "Eje de orientación equinoccial exacta hacia el orto solar (Az 98.0°)."
      }
    },
    {
      "type": "Feature",
      "geometry": {
        "type": "LineString",
        "coordinates": [
          [
            -4.3524,
            43.0834
          ],
          [
            -4.174021605410378,
            43.02245023204576
          ]
        ]
      },
      "properties": {
        "origen_nombre": "Menhires de Sejos",
        "origen_tipo": "Megalito",
        "fecha_origen": -3500,
        "subcapa": "align_solar",
        "etiqueta_alineacion": "☀️ Solsticio de Invierno",
        "acimut_grados": 115.0,
        "explicacion_alineacion": "Eje orientado a la salida del Sol en el Solsticio de Invierno en el año -3500 (Az 115.0°)."
      }
    },
    {
      "type": "Feature",
      "geometry": {
        "type": "LineString",
        "coordinates": [
          [
            -6.8189,
            43.4356
          ],
          [
            -6.622736416858588,
            43.415406493541724
          ]
        ]
      },
      "properties": {
        "origen_nombre": "Castro de Pendia",
        "origen_tipo": "Megalito",
        "fecha_origen": -3500,
        "subcapa": "align_solar",
        "etiqueta_alineacion": "☀️ Equinoccio (Este Puro)",
        "acimut_grados": 98.0,
        "explicacion_alineacion": "Eje de orientación equinoccial exacta hacia el orto solar (Az 98.0°)."
      }
    },
    {
      "type": "Feature",
      "geometry": {
        "type": "LineString",
        "coordinates": [
          [
            -6.5878,
            43.2842
          ],
          [
            -6.413079682991301,
            43.351620078104595
          ]
        ]
      },
      "properties": {
        "origen_nombre": "Castro de San Chuis",
        "origen_tipo": "Megalito",
        "fecha_origen": -3500,
        "subcapa": "align_solar",
        "etiqueta_alineacion": "☀️ Solsticio de Verano",
        "acimut_grados": 62.0,
        "explicacion_alineacion": "Eje orientado a la salida del Sol en el Solsticio de Verano en el año -3500 (Az 62.0°)."
      }
    },
    {
      "type": "Feature",
      "geometry": {
        "type": "LineString",
        "coordinates": [
          [
            -6.1089,
            43.4128
          ],
          [
            -5.941127715171399,
            43.33642641973111
          ]
        ]
      },
      "properties": {
        "origen_nombre": "Dolmen de la Barrosa",
        "origen_tipo": "Megalito",
        "fecha_origen": -3500,
        "subcapa": "align_solar",
        "etiqueta_alineacion": "☀️ Solsticio de Invierno",
        "acimut_grados": 122.0,
        "explicacion_alineacion": "Eje orientado a la salida del Sol en el Solsticio de Invierno en el año -3500 (Az 122.0°)."
      }
    },
    {
      "type": "Feature",
      "geometry": {
        "type": "LineString",
        "coordinates": [
          [
            -6.0411,
            43.4689
          ],
          [
            -5.861590390298322,
            43.407948351969594
          ]
        ]
      },
      "properties": {
        "origen_nombre": "Dolmen de Las Peñamoras",
        "origen_tipo": "Megalito",
        "fecha_origen": -3500,
        "subcapa": "align_solar",
        "etiqueta_alineacion": "☀️ Solsticio de Invierno",
        "acimut_grados": 115.0,
        "explicacion_alineacion": "Eje orientado a la salida del Sol en el Solsticio de Invierno en el año -3500 (Az 115.0°)."
      }
    },
    {
      "type": "Feature",
      "geometry": {
        "type": "LineString",
        "coordinates": [
          [
            -5.7672,
            43.5358
          ],
          [
            -5.598661110392481,
            43.611927173799685
          ]
        ]
      },
      "properties": {
        "origen_nombre": "Túmulo de Monte Areo",
        "origen_tipo": "Megalito",
        "fecha_origen": -3500,
        "subcapa": "align_solar",
        "etiqueta_alineacion": "☀️ Solsticio de Verano",
        "acimut_grados": 58.0,
        "explicacion_alineacion": "Eje orientado a la salida del Sol en el Solsticio de Verano en el año -3500 (Az 58.0°)."
      }
    },
    {
      "type": "Feature",
      "geometry": {
        "type": "LineString",
        "coordinates": [
          [
            -5.3211,
            43.3467
          ],
          [
            -5.135316856566524,
            43.29733579579948
          ]
        ]
      },
      "properties": {
        "origen_nombre": "Túmulo de San Román",
        "origen_tipo": "Megalito",
        "fecha_origen": -3500,
        "subcapa": "align_stellar",
        "etiqueta_alineacion": "⭐ Puntería a Sirio (Canis Major)",
        "acimut_grados": 110.0,
        "explicacion_alineacion": "Eje astronómico proyectado exactamente hacia la salida de Sirio (Canis Major) en el año -3500 (Az 110.0°)."
      }
    },
    {
      "type": "Feature",
      "geometry": {
        "type": "LineString",
        "coordinates": [
          [
            -4.1378,
            42.9233
          ],
          [
            -3.9532965166086527,
            42.873938006256815
          ]
        ]
      },
      "properties": {
        "origen_nombre": "Castro de Celada Marlantes",
        "origen_tipo": "Megalito",
        "fecha_origen": -3500,
        "subcapa": "align_stellar",
        "etiqueta_alineacion": "⭐ Puntería a Sirio (Canis Major)",
        "acimut_grados": 110.0,
        "explicacion_alineacion": "Eje astronómico proyectado exactamente hacia la salida de Sirio (Canis Major) en el año -3500 (Az 110.0°)."
      }
    },
    {
      "type": "Feature",
      "geometry": {
        "type": "LineString",
        "coordinates": [
          [
            -4.0872,
            43.2208
          ],
          [
            -3.8917284038260918,
            43.20060774800984
          ]
        ]
      },
      "properties": {
        "origen_nombre": "Castro de Castillejo",
        "origen_tipo": "Megalito",
        "fecha_origen": -3500,
        "subcapa": "align_solar",
        "etiqueta_alineacion": "☀️ Equinoccio (Este Puro)",
        "acimut_grados": 98.0,
        "explicacion_alineacion": "Eje de orientación equinoccial exacta hacia el orto solar (Az 98.0°)."
      }
    },
    {
      "type": "Feature",
      "geometry": {
        "type": "LineString",
        "coordinates": [
          [
            -4.175,
            42.7481
          ],
          [
            -4.008624413959728,
            42.824230537841
          ]
        ]
      },
      "properties": {
        "origen_nombre": "Castro de Monte Bernorio",
        "origen_tipo": "Megalito",
        "fecha_origen": -3500,
        "subcapa": "align_solar",
        "etiqueta_alineacion": "☀️ Solsticio de Verano",
        "acimut_grados": 58.0,
        "explicacion_alineacion": "Eje orientado a la salida del Sol en el Solsticio de Verano en el año -3500 (Az 58.0°)."
      }
    },
    {
      "type": "Feature",
      "geometry": {
        "type": "LineString",
        "coordinates": [
          [
            -6.4189,
            43.3106
          ],
          [
            -6.267645462639087,
            43.21800860933642
          ]
        ]
      },
      "properties": {
        "origen_nombre": "Dolmen de la Chaparrita",
        "origen_tipo": "Megalito",
        "fecha_origen": -3500,
        "subcapa": "align_terrestrial",
        "etiqueta_alineacion": "⚡ Corriente Telúrica / Falla Local",
        "acimut_grados": 130.0,
        "explicacion_alineacion": "Orientación a la falla tectónica o vena de agua kárstica local bajo el corredor (Az 130.0°)."
      }
    },
    {
      "type": "Feature",
      "geometry": {
        "type": "LineString",
        "coordinates": [
          [
            -5.9083,
            43.1611
          ],
          [
            -5.75741488960357,
            43.06850912899725
          ]
        ]
      },
      "properties": {
        "origen_nombre": "Necrópolis Tumular de La Cobertoria",
        "origen_tipo": "Megalito",
        "fecha_origen": -3500,
        "subcapa": "align_terrestrial",
        "etiqueta_alineacion": "⚡ Corriente Telúrica / Falla Local",
        "acimut_grados": 130.0,
        "explicacion_alineacion": "Orientación a la falla tectónica o vena de agua kárstica local bajo el corredor (Az 130.0°)."
      }
    },
    {
      "type": "Feature",
      "geometry": {
        "type": "LineString",
        "coordinates": [
          [
            -2.3782,
            42.8296
          ],
          [
            -2.211604620650247,
            42.905730193780805
          ]
        ]
      },
      "properties": {
        "origen_nombre": "Dolmen Sorginetxe",
        "origen_tipo": "Megalito",
        "fecha_origen": -3500,
        "subcapa": "align_solar",
        "etiqueta_alineacion": "☀️ Solsticio de Verano",
        "acimut_grados": 58.0,
        "explicacion_alineacion": "Eje orientado a la salida del Sol en el Solsticio de Verano en el año -3500 (Az 58.0°)."
      }
    },
    {
      "type": "Feature",
      "geometry": {
        "type": "LineString",
        "coordinates": [
          [
            -2.5272,
            42.5936
          ],
          [
            -2.3337058597310785,
            42.57341136105322
          ]
        ]
      },
      "properties": {
        "origen_nombre": "Dolmen El Encinal",
        "origen_tipo": "Megalito",
        "fecha_origen": -3500,
        "subcapa": "align_solar",
        "etiqueta_alineacion": "☀️ Equinoccio (Este Puro)",
        "acimut_grados": 98.0,
        "explicacion_alineacion": "Eje de orientación equinoccial exacta hacia el orto solar (Az 98.0°)."
      }
    },
    {
      "type": "Feature",
      "geometry": {
        "type": "LineString",
        "coordinates": [
          [
            -2.505,
            42.5967
          ],
          [
            -2.3390302919987715,
            42.67283117458995
          ]
        ]
      },
      "properties": {
        "origen_nombre": "Dolmen Layaza",
        "origen_tipo": "Megalito",
        "fecha_origen": -3500,
        "subcapa": "align_solar",
        "etiqueta_alineacion": "☀️ Solsticio de Verano",
        "acimut_grados": 58.0,
        "explicacion_alineacion": "Eje orientado a la salida del Sol en el Solsticio de Verano en el año -3500 (Az 58.0°)."
      }
    },
    {
      "type": "Feature",
      "geometry": {
        "type": "LineString",
        "coordinates": [
          [
            -2.3922,
            42.8592
          ],
          [
            -2.225524566505016,
            42.935330068596265
          ]
        ]
      },
      "properties": {
        "origen_nombre": "Dolmen Aizkomendi",
        "origen_tipo": "Megalito",
        "fecha_origen": -3500,
        "subcapa": "align_solar",
        "etiqueta_alineacion": "☀️ Solsticio de Verano",
        "acimut_grados": 58.0,
        "explicacion_alineacion": "Eje orientado a la salida del Sol en el Solsticio de Verano en el año -3500 (Az 58.0°)."
      }
    },
    {
      "type": "Feature",
      "geometry": {
        "type": "LineString",
        "coordinates": [
          [
            -2.3366,
            42.7533
          ],
          [
            -2.1702104177111745,
            42.829430515915796
          ]
        ]
      },
      "properties": {
        "origen_nombre": "Cromlech de Mendiluze",
        "origen_tipo": "Megalito",
        "fecha_origen": -3500,
        "subcapa": "align_solar",
        "etiqueta_alineacion": "☀️ Solsticio de Verano",
        "acimut_grados": 58.0,
        "explicacion_alineacion": "Eje orientado a la salida del Sol en el Solsticio de Verano en el año -3500 (Az 58.0°)."
      }
    },
    {
      "type": "Feature",
      "geometry": {
        "type": "LineString",
        "coordinates": [
          [
            -1.107,
            43.0886
          ],
          [
            -0.9286064949675497,
            43.02765020684296
          ]
        ]
      },
      "properties": {
        "origen_nombre": "Cromlech de Okabe",
        "origen_tipo": "Megalito",
        "fecha_origen": -3500,
        "subcapa": "align_solar",
        "etiqueta_alineacion": "☀️ Solsticio de Invierno",
        "acimut_grados": 115.0,
        "explicacion_alineacion": "Eje orientado a la salida del Sol en el Solsticio de Invierno en el año -3500 (Az 115.0°)."
      }
    },
    {
      "type": "Feature",
      "geometry": {
        "type": "LineString",
        "coordinates": [
          [
            -1.2189,
            43.0378
          ],
          [
            -1.0521538826877967,
            42.961428017553665
          ]
        ]
      },
      "properties": {
        "origen_nombre": "Cromlech de Azpegi",
        "origen_tipo": "Megalito",
        "fecha_origen": -3500,
        "subcapa": "align_solar",
        "etiqueta_alineacion": "☀️ Solsticio de Invierno",
        "acimut_grados": 122.0,
        "explicacion_alineacion": "Eje orientado a la salida del Sol en el Solsticio de Invierno en el año -3500 (Az 122.0°)."
      }
    },
    {
      "type": "Feature",
      "geometry": {
        "type": "LineString",
        "coordinates": [
          [
            -1.2117,
            43.0403
          ],
          [
            -1.033446692778857,
            42.979350440774134
          ]
        ]
      },
      "properties": {
        "origen_nombre": "Cromlech de Organbide",
        "origen_tipo": "Megalito",
        "fecha_origen": -3500,
        "subcapa": "align_solar",
        "etiqueta_alineacion": "☀️ Solsticio de Invierno",
        "acimut_grados": 115.0,
        "explicacion_alineacion": "Eje orientado a la salida del Sol en el Solsticio de Invierno en el año -3500 (Az 115.0°)."
      }
    },
    {
      "type": "Feature",
      "geometry": {
        "type": "LineString",
        "coordinates": [
          [
            -1.8217,
            43.2503
          ],
          [
            -1.6470771905805592,
            43.317720235636486
          ]
        ]
      },
      "properties": {
        "origen_nombre": "Cromlech de Errenga",
        "origen_tipo": "Megalito",
        "fecha_origen": -3500,
        "subcapa": "align_solar",
        "etiqueta_alineacion": "☀️ Solsticio de Verano",
        "acimut_grados": 62.0,
        "explicacion_alineacion": "Eje orientado a la salida del Sol en el Solsticio de Verano en el año -3500 (Az 62.0°)."
      }
    },
    {
      "type": "Feature",
      "geometry": {
        "type": "LineString",
        "coordinates": [
          [
            -1.8319,
            43.2511
          ],
          [
            -1.6641531223786883,
            43.327228399726884
          ]
        ]
      },
      "properties": {
        "origen_nombre": "Cromlech de Kaus'ta",
        "origen_tipo": "Megalito",
        "fecha_origen": -3500,
        "subcapa": "align_solar",
        "etiqueta_alineacion": "☀️ Solsticio de Verano",
        "acimut_grados": 58.0,
        "explicacion_alineacion": "Eje orientado a la salida del Sol en el Solsticio de Verano en el año -3500 (Az 58.0°)."
      }
    },
    {
      "type": "Feature",
      "geometry": {
        "type": "LineString",
        "coordinates": [
          [
            -2.8122,
            43.0789
          ],
          [
            -2.63383467850346,
            43.01795025385244
          ]
        ]
      },
      "properties": {
        "origen_nombre": "Menhir de Kurtzegan",
        "origen_tipo": "Megalito",
        "fecha_origen": -3500,
        "subcapa": "align_solar",
        "etiqueta_alineacion": "☀️ Solsticio de Invierno",
        "acimut_grados": 115.0,
        "explicacion_alineacion": "Eje orientado a la salida del Sol en el Solsticio de Invierno en el año -3500 (Az 115.0°)."
      }
    },
    {
      "type": "Feature",
      "geometry": {
        "type": "LineString",
        "coordinates": [
          [
            -2.7878,
            43.0489
          ],
          [
            -2.613752993686068,
            43.116321167925356
          ]
        ]
      },
      "properties": {
        "origen_nombre": "Menhir de Arlobi",
        "origen_tipo": "Megalito",
        "fecha_origen": -3500,
        "subcapa": "align_solar",
        "etiqueta_alineacion": "☀️ Solsticio de Verano",
        "acimut_grados": 62.0,
        "explicacion_alineacion": "Eje orientado a la salida del Sol en el Solsticio de Verano en el año -3500 (Az 62.0°)."
      }
    },
    {
      "type": "Feature",
      "geometry": {
        "type": "LineString",
        "coordinates": [
          [
            -1.9056,
            43.1119
          ],
          [
            -1.7313735163620263,
            43.179320876957114
          ]
        ]
      },
      "properties": {
        "origen_nombre": "Menhir de Iruñarri",
        "origen_tipo": "Megalito",
        "fecha_origen": -3500,
        "subcapa": "align_solar",
        "etiqueta_alineacion": "☀️ Solsticio de Verano",
        "acimut_grados": 62.0,
        "explicacion_alineacion": "Eje orientado a la salida del Sol en el Solsticio de Verano en el año -3500 (Az 62.0°)."
      }
    },
    {
      "type": "Feature",
      "geometry": {
        "type": "LineString",
        "coordinates": [
          [
            -2.1481,
            43.0114
          ],
          [
            -1.9633325328677824,
            42.962037548821016
          ]
        ]
      },
      "properties": {
        "origen_nombre": "Dolmen de Larrarte",
        "origen_tipo": "Megalito",
        "fecha_origen": -3500,
        "subcapa": "align_stellar",
        "etiqueta_alineacion": "⭐ Puntería a Sirio (Canis Major)",
        "acimut_grados": 110.0,
        "explicacion_alineacion": "Eje astronómico proyectado exactamente hacia la salida de Sirio (Canis Major) en el año -3500 (Az 110.0°)."
      }
    },
    {
      "type": "Feature",
      "geometry": {
        "type": "LineString",
        "coordinates": [
          [
            -2.6311,
            42.5408
          ],
          [
            -2.481717836023437,
            42.448211258425054
          ]
        ]
      },
      "properties": {
        "origen_nombre": "Dolmen de Arlesolo",
        "origen_tipo": "Megalito",
        "fecha_origen": -3500,
        "subcapa": "align_terrestrial",
        "etiqueta_alineacion": "⚡ Corriente Telúrica / Falla Local",
        "acimut_grados": 130.0,
        "explicacion_alineacion": "Orientación a la falla tectónica o vena de agua kárstica local bajo el corredor (Az 130.0°)."
      }
    },
    {
      "type": "Feature",
      "geometry": {
        "type": "LineString",
        "coordinates": [
          [
            -7.3001,
            39.3967
          ],
          [
            -7.125250741791836,
            39.347355323338256
          ]
        ]
      },
      "properties": {
        "origen_nombre": "Dolmen Tapada del Anta",
        "origen_tipo": "Megalito",
        "fecha_origen": -3500,
        "subcapa": "align_stellar",
        "etiqueta_alineacion": "⭐ Puntería a Sirio (Canis Major)",
        "acimut_grados": 110.0,
        "explicacion_alineacion": "Eje astronómico proyectado exactamente hacia la salida de Sirio (Canis Major) en el año -3500 (Az 110.0°)."
      }
    },
    {
      "type": "Feature",
      "geometry": {
        "type": "LineString",
        "coordinates": [
          [
            -7.2245,
            39.4059
          ],
          [
            -7.049627718156722,
            39.35655528049356
          ]
        ]
      },
      "properties": {
        "origen_nombre": "Dolmen Zafra I",
        "origen_tipo": "Megalito",
        "fecha_origen": -3500,
        "subcapa": "align_stellar",
        "etiqueta_alineacion": "⭐ Puntería a Sirio (Canis Major)",
        "acimut_grados": 110.0,
        "explicacion_alineacion": "Eje astronómico proyectado exactamente hacia la salida de Sirio (Canis Major) en el año -3500 (Az 110.0°)."
      }
    },
    {
      "type": "Feature",
      "geometry": {
        "type": "LineString",
        "coordinates": [
          [
            -7.771,
            40.5701
          ],
          [
            -7.626090125787989,
            40.477517754576034
          ]
        ]
      },
      "properties": {
        "origen_nombre": "Anta de Cunha Baixa",
        "origen_tipo": "Megalito",
        "fecha_origen": -3500,
        "subcapa": "align_terrestrial",
        "etiqueta_alineacion": "⚡ Corriente Telúrica / Falla Local",
        "acimut_grados": 130.0,
        "explicacion_alineacion": "Orientación a la falla tectónica o vena de agua kárstica local bajo el corredor (Az 130.0°)."
      }
    },
    {
      "type": "Feature",
      "geometry": {
        "type": "LineString",
        "coordinates": [
          [
            -7.5256,
            40.6694
          ],
          [
            -7.364532995148491,
            40.745539020210074
          ]
        ]
      },
      "properties": {
        "origen_nombre": "Dolmen de Orca dos Juncais",
        "origen_tipo": "Megalito",
        "fecha_origen": -3500,
        "subcapa": "align_solar",
        "etiqueta_alineacion": "☀️ Solsticio de Verano",
        "acimut_grados": 58.0,
        "explicacion_alineacion": "Eje orientado a la salida del Sol en el Solsticio de Verano en el año -3500 (Az 58.0°)."
      }
    },
    {
      "type": "Feature",
      "geometry": {
        "type": "LineString",
        "coordinates": [
          [
            -8.3125,
            41.1417
          ],
          [
            -8.133088329629114,
            41.092346987156645
          ]
        ]
      },
      "properties": {
        "origen_nombre": "Castro de Monte Mozinho",
        "origen_tipo": "Megalito",
        "fecha_origen": -3500,
        "subcapa": "align_stellar",
        "etiqueta_alineacion": "⭐ Puntería a Sirio (Canis Major)",
        "acimut_grados": 110.0,
        "explicacion_alineacion": "Eje astronómico proyectado exactamente hacia la salida de Sirio (Canis Major) en el año -3500 (Az 110.0°)."
      }
    },
    {
      "type": "Feature",
      "geometry": {
        "type": "LineString",
        "coordinates": [
          [
            -8.3875,
            41.3117
          ],
          [
            -8.218181225158856,
            41.379128964060676
          ]
        ]
      },
      "properties": {
        "origen_nombre": "Citânia de Sanfins",
        "origen_tipo": "Megalito",
        "fecha_origen": -3500,
        "subcapa": "align_solar",
        "etiqueta_alineacion": "☀️ Solsticio de Verano",
        "acimut_grados": 62.0,
        "explicacion_alineacion": "Eje orientado a la salida del Sol en el Solsticio de Verano en el año -3500 (Az 62.0°)."
      }
    },
    {
      "type": "Feature",
      "geometry": {
        "type": "LineString",
        "coordinates": [
          [
            -8.8508,
            41.81
          ],
          [
            -8.680167440245915,
            41.87742677137258
          ]
        ]
      },
      "properties": {
        "origen_nombre": "Dolmen da Barrosa",
        "origen_tipo": "Megalito",
        "fecha_origen": -3500,
        "subcapa": "align_solar",
        "etiqueta_alineacion": "☀️ Solsticio de Verano",
        "acimut_grados": 62.0,
        "explicacion_alineacion": "Eje orientado a la salida del Sol en el Solsticio de Verano en el año -3500 (Az 62.0°)."
      }
    },
    {
      "type": "Feature",
      "geometry": {
        "type": "LineString",
        "coordinates": [
          [
            -8.455,
            41.6706
          ],
          [
            -8.28058188711616,
            41.609656926187554
          ]
        ]
      },
      "properties": {
        "origen_nombre": "Anta de Santa Marta",
        "origen_tipo": "Megalito",
        "fecha_origen": -3500,
        "subcapa": "align_solar",
        "etiqueta_alineacion": "☀️ Solsticio de Invierno",
        "acimut_grados": 115.0,
        "explicacion_alineacion": "Eje orientado a la salida del Sol en el Solsticio de Invierno en el año -3500 (Az 115.0°)."
      }
    },
    {
      "type": "Feature",
      "geometry": {
        "type": "LineString",
        "coordinates": [
          [
            2.9911,
            41.8567
          ],
          [
            3.182350289157512,
            41.83651551432959
          ]
        ]
      },
      "properties": {
        "origen_nombre": "Cova d'en Daina",
        "origen_tipo": "Megalito",
        "fecha_origen": -3500,
        "subcapa": "align_solar",
        "etiqueta_alineacion": "☀️ Equinoccio (Este Puro)",
        "acimut_grados": 98.0,
        "explicacion_alineacion": "Eje de orientación equinoccial exacta hacia el orto solar (Az 98.0°)."
      }
    },
    {
      "type": "Feature",
      "geometry": {
        "type": "LineString",
        "coordinates": [
          [
            2.5186,
            41.6508
          ],
          [
            2.6659070887281917,
            41.55821424119276
          ]
        ]
      },
      "properties": {
        "origen_nombre": "Dolmen de la Pedra Gentil",
        "origen_tipo": "Megalito",
        "fecha_origen": -3500,
        "subcapa": "align_terrestrial",
        "etiqueta_alineacion": "⚡ Corriente Telúrica / Falla Local",
        "acimut_grados": 130.0,
        "explicacion_alineacion": "Orientación a la falla tectónica o vena de agua kárstica local bajo el corredor (Az 130.0°)."
      }
    },
    {
      "type": "Feature",
      "geometry": {
        "type": "LineString",
        "coordinates": [
          [
            1.4428,
            41.9367
          ],
          [
            1.606644278968758,
            41.86033259909365
          ]
        ]
      },
      "properties": {
        "origen_nombre": "Dolmen de Cabana del Moro",
        "origen_tipo": "Megalito",
        "fecha_origen": -3500,
        "subcapa": "align_solar",
        "etiqueta_alineacion": "☀️ Solsticio de Invierno",
        "acimut_grados": 122.0,
        "explicacion_alineacion": "Eje orientado a la salida del Sol en el Solsticio de Invierno en el año -3500 (Az 122.0°)."
      }
    },
    {
      "type": "Feature",
      "geometry": {
        "type": "LineString",
        "coordinates": [
          [
            2.978,
            42.367
          ],
          [
            3.1433598857034144,
            42.44313213474918
          ]
        ]
      },
      "properties": {
        "origen_nombre": "Dolmen de Fontanilles",
        "origen_tipo": "Megalito",
        "fecha_origen": -3500,
        "subcapa": "align_solar",
        "etiqueta_alineacion": "☀️ Solsticio de Verano",
        "acimut_grados": 58.0,
        "explicacion_alineacion": "Eje orientado a la salida del Sol en el Solsticio de Verano en el año -3500 (Az 58.0°)."
      }
    },
    {
      "type": "Feature",
      "geometry": {
        "type": "LineString",
        "coordinates": [
          [
            2.989,
            42.391
          ],
          [
            3.1380262916244464,
            42.29841176634756
          ]
        ]
      },
      "properties": {
        "origen_nombre": "Dolmen de la Cabaña Arqueta",
        "origen_tipo": "Megalito",
        "fecha_origen": -3500,
        "subcapa": "align_terrestrial",
        "etiqueta_alineacion": "⚡ Corriente Telúrica / Falla Local",
        "acimut_grados": 130.0,
        "explicacion_alineacion": "Orientación a la falla tectónica o vena de agua kárstica local bajo el corredor (Az 130.0°)."
      }
    },
    {
      "type": "Feature",
      "geometry": {
        "type": "LineString",
        "coordinates": [
          [
            2.983,
            41.815
          ],
          [
            3.1578099523975003,
            41.75405625561021
          ]
        ]
      },
      "properties": {
        "origen_nombre": "Dolmen del Mas Bousarenys",
        "origen_tipo": "Megalito",
        "fecha_origen": -3500,
        "subcapa": "align_solar",
        "etiqueta_alineacion": "☀️ Solsticio de Invierno",
        "acimut_grados": 115.0,
        "explicacion_alineacion": "Eje orientado a la salida del Sol en el Solsticio de Invierno en el año -3500 (Az 115.0°)."
      }
    },
    {
      "type": "Feature",
      "geometry": {
        "type": "LineString",
        "coordinates": [
          [
            2.2131,
            41.5381
          ],
          [
            2.3936051028586993,
            41.48874503194066
          ]
        ]
      },
      "properties": {
        "origen_nombre": "Menhir de Mollet",
        "origen_tipo": "Megalito",
        "fecha_origen": -3500,
        "subcapa": "align_stellar",
        "etiqueta_alineacion": "⭐ Puntería a Sirio (Canis Major)",
        "acimut_grados": 110.0,
        "explicacion_alineacion": "Eje astronómico proyectado exactamente hacia la salida de Sirio (Canis Major) en el año -3500 (Az 110.0°)."
      }
    },
    {
      "type": "Feature",
      "geometry": {
        "type": "LineString",
        "coordinates": [
          [
            -0.3184,
            42.6593
          ],
          [
            -0.12470168212854248,
            42.63911098600831
          ]
        ]
      },
      "properties": {
        "origen_nombre": "Dolmen de Santa Elena",
        "origen_tipo": "Megalito",
        "fecha_origen": -3500,
        "subcapa": "align_solar",
        "etiqueta_alineacion": "☀️ Equinoccio (Este Puro)",
        "acimut_grados": 98.0,
        "explicacion_alineacion": "Eje de orientación equinoccial exacta hacia el orto solar (Az 98.0°)."
      }
    },
    {
      "type": "Feature",
      "geometry": {
        "type": "LineString",
        "coordinates": [
          [
            -0.6722,
            42.8422
          ],
          [
            -0.4879384749688056,
            42.79283842619398
          ]
        ]
      },
      "properties": {
        "origen_nombre": "Dolmen de Guarrinza",
        "origen_tipo": "Megalito",
        "fecha_origen": -3500,
        "subcapa": "align_stellar",
        "etiqueta_alineacion": "⭐ Puntería a Sirio (Canis Major)",
        "acimut_grados": 110.0,
        "explicacion_alineacion": "Eje astronómico proyectado exactamente hacia la salida de Sirio (Canis Major) en el año -3500 (Az 110.0°)."
      }
    },
    {
      "type": "Feature",
      "geometry": {
        "type": "LineString",
        "coordinates": [
          [
            -0.3411,
            42.3489
          ],
          [
            -0.203205792787936,
            42.45056409237291
          ]
        ]
      },
      "properties": {
        "origen_nombre": "Dolmen de Ibirque",
        "origen_tipo": "Megalito",
        "fecha_origen": -3500,
        "subcapa": "align_stellar",
        "etiqueta_alineacion": "⭐ Puntería a Arturo (Boötes)",
        "acimut_grados": 45.0,
        "explicacion_alineacion": "Eje astronómico proyectado exactamente hacia la salida de Arturo (Boötes) en el año -3500 (Az 45.0°)."
      }
    },
    {
      "type": "Feature",
      "geometry": {
        "type": "LineString",
        "coordinates": [
          [
            -0.0764,
            42.2858
          ],
          [
            0.07237799177850304,
            42.1932121216037
          ]
        ]
      },
      "properties": {
        "origen_nombre": "Dolmen de Rodellar",
        "origen_tipo": "Megalito",
        "fecha_origen": -3500,
        "subcapa": "align_terrestrial",
        "etiqueta_alineacion": "⚡ Corriente Telúrica / Falla Local",
        "acimut_grados": 130.0,
        "explicacion_alineacion": "Orientación a la falla tectónica o vena de agua kárstica local bajo el corredor (Az 130.0°)."
      }
    },
    {
      "type": "Feature",
      "geometry": {
        "type": "LineString",
        "coordinates": [
          [
            0.4289,
            42.4761
          ],
          [
            0.6013414969101712,
            42.54352378628033
          ]
        ]
      },
      "properties": {
        "origen_nombre": "Dolmen de Seira",
        "origen_tipo": "Megalito",
        "fecha_origen": -3500,
        "subcapa": "align_solar",
        "etiqueta_alineacion": "☀️ Solsticio de Verano",
        "acimut_grados": 62.0,
        "explicacion_alineacion": "Eje orientado a la salida del Sol en el Solsticio de Verano en el año -3500 (Az 62.0°)."
      }
    },
    {
      "type": "Feature",
      "geometry": {
        "type": "LineString",
        "coordinates": [
          [
            4.2694,
            39.8744
          ],
          [
            4.445458834342779,
            39.82505308360536
          ]
        ]
      },
      "properties": {
        "origen_nombre": "Taula de Trepucó",
        "origen_tipo": "Megalito",
        "fecha_origen": -3500,
        "subcapa": "align_stellar",
        "etiqueta_alineacion": "⭐ Puntería a Sirio (Canis Major)",
        "acimut_grados": 110.0,
        "explicacion_alineacion": "Eje astronómico proyectado exactamente hacia la salida de Sirio (Canis Major) en el año -3500 (Az 110.0°)."
      }
    },
    {
      "type": "Feature",
      "geometry": {
        "type": "LineString",
        "coordinates": [
          [
            4.1542,
            39.9017
          ],
          [
            4.297691130959122,
            39.8091198713483
          ]
        ]
      },
      "properties": {
        "origen_nombre": "Taula de Torralba d'en Salort",
        "origen_tipo": "Megalito",
        "fecha_origen": -3500,
        "subcapa": "align_terrestrial",
        "etiqueta_alineacion": "⚡ Corriente Telúrica / Falla Local",
        "acimut_grados": 130.0,
        "explicacion_alineacion": "Orientación a la falla tectónica o vena de agua kárstica local bajo el corredor (Az 130.0°)."
      }
    },
    {
      "type": "Feature",
      "geometry": {
        "type": "LineString",
        "coordinates": [
          [
            4.2153,
            39.8942
          ],
          [
            4.385124202466988,
            39.83326493903298
          ]
        ]
      },
      "properties": {
        "origen_nombre": "Taula de Talatí de Dalt",
        "origen_tipo": "Megalito",
        "fecha_origen": -3500,
        "subcapa": "align_solar",
        "etiqueta_alineacion": "☀️ Solsticio de Invierno",
        "acimut_grados": 115.0,
        "explicacion_alineacion": "Eje orientado a la salida del Sol en el Solsticio de Invierno en el año -3500 (Az 115.0°)."
      }
    },
    {
      "type": "Feature",
      "geometry": {
        "type": "LineString",
        "coordinates": [
          [
            3.8919,
            39.9997
          ],
          [
            4.061985732423392,
            39.93876447489822
          ]
        ]
      },
      "properties": {
        "origen_nombre": "Naveta d'Es Tudons",
        "origen_tipo": "Megalito",
        "fecha_origen": -3500,
        "subcapa": "align_solar",
        "etiqueta_alineacion": "☀️ Solsticio de Invierno",
        "acimut_grados": 115.0,
        "explicacion_alineacion": "Eje orientado a la salida del Sol en el Solsticio de Invierno en el año -3500 (Az 115.0°)."
      }
    },
    {
      "type": "Feature",
      "geometry": {
        "type": "LineString",
        "coordinates": [
          [
            -7.2917,
            42.7274
          ],
          [
            -7.095820448956639,
            42.72723311074772
          ]
        ]
      },
      "properties": {
        "origen_nombre": "Monasterio de Samos",
        "origen_tipo": "Templo / Encomienda",
        "fecha_origen": 573,
        "subcapa": "align_solar",
        "etiqueta_alineacion": "☀️ Equinoccio (Este Puro)",
        "acimut_grados": 90.0,
        "explicacion_alineacion": "Eje de orientación equinoccial exacta hacia el orto solar (Az 90.0°)."
      }
    },
    {
      "type": "Feature",
      "geometry": {
        "type": "LineString",
        "coordinates": [
          [
            -0.7081,
            42.5174
          ],
          [
            -0.5355443096172229,
            42.58482359910635
          ]
        ]
      },
      "properties": {
        "origen_nombre": "Monasterio de San Juan de la Pena",
        "origen_tipo": "Templo / Encomienda",
        "fecha_origen": 920,
        "subcapa": "align_solar",
        "etiqueta_alineacion": "☀️ Solsticio de Verano",
        "acimut_grados": 62.0,
        "explicacion_alineacion": "Eje orientado a la salida del Sol en el Solsticio de Verano en el año 920 (Az 62.0°)."
      }
    },
    {
      "type": "Feature",
      "geometry": {
        "type": "LineString",
        "coordinates": [
          [
            -1.1666,
            42.6585
          ],
          [
            -0.9940277166546174,
            42.59081745615614
          ]
        ]
      },
      "properties": {
        "origen_nombre": "Monasterio de Leyre",
        "origen_tipo": "Templo / Encomienda",
        "fecha_origen": 842,
        "subcapa": "align_solar",
        "etiqueta_alineacion": "☀️ Solsticio de Invierno",
        "acimut_grados": 118.0,
        "explicacion_alineacion": "Eje orientado a la salida del Sol en el Solsticio de Invierno en el año 842 (Az 118.0°)."
      }
    },
    {
      "type": "Feature",
      "geometry": {
        "type": "LineString",
        "coordinates": [
          [
            -3.7035,
            42.3411
          ],
          [
            -3.558608632037619,
            42.437291054319196
          ]
        ]
      },
      "properties": {
        "origen_nombre": "Catedral de Burgos",
        "origen_tipo": "Templo / Encomienda",
        "fecha_origen": 1221,
        "subcapa": "align_stellar",
        "etiqueta_alineacion": "⭐ Puntería a Arturo (Boötes)",
        "acimut_grados": 48.0,
        "explicacion_alineacion": "Eje astronómico proyectado exactamente hacia la salida de Arturo (Boötes) en el año 1221 (Az 48.0°)."
      }
    },
    {
      "type": "Feature",
      "geometry": {
        "type": "LineString",
        "coordinates": [
          [
            -5.0348,
            42.3687
          ],
          [
            -4.840042812377859,
            42.36853519492881
          ]
        ]
      },
      "properties": {
        "origen_nombre": "Monasterio de Sahagun",
        "origen_tipo": "Templo / Encomienda",
        "fecha_origen": 904,
        "subcapa": "align_solar",
        "etiqueta_alineacion": "☀️ Equinoccio (Este Puro)",
        "acimut_grados": 90.0,
        "explicacion_alineacion": "Eje de orientación equinoccial exacta hacia el orto solar (Az 90.0°)."
      }
    },
    {
      "type": "Feature",
      "geometry": {
        "type": "LineString",
        "coordinates": [
          [
            -5.5779,
            42.5987
          ],
          [
            -5.405118812079611,
            42.666123229924324
          ]
        ]
      },
      "properties": {
        "origen_nombre": "San Marcos de Leon",
        "origen_tipo": "Templo / Encomienda",
        "fecha_origen": 1168,
        "subcapa": "align_solar",
        "etiqueta_alineacion": "☀️ Solsticio de Verano",
        "acimut_grados": 62.0,
        "explicacion_alineacion": "Eje orientado a la salida del Sol en el Solsticio de Verano en el año 1168 (Az 62.0°)."
      }
    },
    {
      "type": "Feature",
      "geometry": {
        "type": "LineString",
        "coordinates": [
          [
            -7.0453,
            42.7085
          ],
          [
            -6.872589102751609,
            42.64081722917742
          ]
        ]
      },
      "properties": {
        "origen_nombre": "Iglesia de O Cebreiro",
        "origen_tipo": "Templo / Encomienda",
        "fecha_origen": 836,
        "subcapa": "align_solar",
        "etiqueta_alineacion": "☀️ Solsticio de Invierno",
        "acimut_grados": 118.0,
        "explicacion_alineacion": "Eje orientado a la salida del Sol en el Solsticio de Invierno en el año 836 (Az 118.0°)."
      }
    },
    {
      "type": "Feature",
      "geometry": {
        "type": "LineString",
        "coordinates": [
          [
            -8.5444,
            42.8806
          ],
          [
            -8.398243873600876,
            42.97678931423977
          ]
        ]
      },
      "properties": {
        "origen_nombre": "Catedral de Santiago de Compostela",
        "origen_tipo": "Templo / Encomienda",
        "fecha_origen": 1075,
        "subcapa": "align_stellar",
        "etiqueta_alineacion": "⭐ Puntería a Arturo (Boötes)",
        "acimut_grados": 48.0,
        "explicacion_alineacion": "Eje astronómico proyectado exactamente hacia la salida de Arturo (Boötes) en el año 1075 (Az 48.0°)."
      }
    },
    {
      "type": "Feature",
      "geometry": {
        "type": "LineString",
        "coordinates": [
          [
            -8.544,
            42.8814
          ],
          [
            -8.347632237926353,
            42.881232208545676
          ]
        ]
      },
      "properties": {
        "origen_nombre": "Hospital Real de Santiago",
        "origen_tipo": "Templo / Encomienda",
        "fecha_origen": 1501,
        "subcapa": "align_solar",
        "etiqueta_alineacion": "☀️ Equinoccio (Este Puro)",
        "acimut_grados": 90.0,
        "explicacion_alineacion": "Eje de orientación equinoccial exacta hacia el orto solar (Az 90.0°)."
      }
    },
    {
      "type": "Feature",
      "geometry": {
        "type": "LineString",
        "coordinates": [
          [
            -1.8136,
            42.6717
          ],
          [
            -1.6406155359139478,
            42.739122897608745
          ]
        ]
      },
      "properties": {
        "origen_nombre": "Iglesia de Puente la Reina",
        "origen_tipo": "Templo / Encomienda",
        "fecha_origen": 1090,
        "subcapa": "align_solar",
        "etiqueta_alineacion": "☀️ Solsticio de Verano",
        "acimut_grados": 62.0,
        "explicacion_alineacion": "Eje orientado a la salida del Sol en el Solsticio de Verano en el año 1090 (Az 62.0°)."
      }
    },
    {
      "type": "Feature",
      "geometry": {
        "type": "LineString",
        "coordinates": [
          [
            -1.8126,
            42.6717
          ],
          [
            -1.6399911569736096,
            42.604017396269164
          ]
        ]
      },
      "properties": {
        "origen_nombre": "Puente de la Reina",
        "origen_tipo": "Templo / Encomienda",
        "fecha_origen": 1090,
        "subcapa": "align_solar",
        "etiqueta_alineacion": "☀️ Solsticio de Invierno",
        "acimut_grados": 118.0,
        "explicacion_alineacion": "Eje orientado a la salida del Sol en el Solsticio de Invierno en el año 1090 (Az 118.0°)."
      }
    },
    {
      "type": "Feature",
      "geometry": {
        "type": "LineString",
        "coordinates": [
          [
            -5.8803,
            42.4881
          ],
          [
            -5.735067466889471,
            42.58429058318158
          ]
        ]
      },
      "properties": {
        "origen_nombre": "Hospital de Orbigo",
        "origen_tipo": "Templo / Encomienda",
        "fecha_origen": 1100,
        "subcapa": "align_stellar",
        "etiqueta_alineacion": "⭐ Puntería a Arturo (Boötes)",
        "acimut_grados": 48.0,
        "explicacion_alineacion": "Eje astronómico proyectado exactamente hacia la salida de Arturo (Boötes) en el año 1100 (Az 48.0°)."
      }
    },
    {
      "type": "Feature",
      "geometry": {
        "type": "LineString",
        "coordinates": [
          [
            -5.8803,
            42.4881
          ],
          [
            -5.685171492187981,
            42.48793450382619
          ]
        ]
      },
      "properties": {
        "origen_nombre": "Puente de Hospital de Orbigo",
        "origen_tipo": "Templo / Encomienda",
        "fecha_origen": 1208,
        "subcapa": "align_solar",
        "etiqueta_alineacion": "☀️ Equinoccio (Este Puro)",
        "acimut_grados": 90.0,
        "explicacion_alineacion": "Eje de orientación equinoccial exacta hacia el orto solar (Az 90.0°)."
      }
    },
    {
      "type": "Feature",
      "geometry": {
        "type": "LineString",
        "coordinates": [
          [
            -6.5966,
            42.5476
          ],
          [
            -6.423960654782971,
            42.61502346208117
          ]
        ]
      },
      "properties": {
        "origen_nombre": "Castillo Templario de Ponferrada",
        "origen_tipo": "Templo / Encomienda",
        "fecha_origen": 1178,
        "subcapa": "align_solar",
        "etiqueta_alineacion": "☀️ Solsticio de Verano",
        "acimut_grados": 62.0,
        "explicacion_alineacion": "Eje orientado a la salida del Sol en el Solsticio de Verano en el año 1178 (Az 62.0°)."
      }
    },
    {
      "type": "Feature",
      "geometry": {
        "type": "LineString",
        "coordinates": [
          [
            -6.7019,
            42.5742
          ],
          [
            -6.529560619751833,
            42.50651783801899
          ]
        ]
      },
      "properties": {
        "origen_nombre": "Monasterio de Carracedo",
        "origen_tipo": "Templo / Encomienda",
        "fecha_origen": 990,
        "subcapa": "align_solar",
        "etiqueta_alineacion": "☀️ Solsticio de Invierno",
        "acimut_grados": 118.0,
        "explicacion_alineacion": "Eje orientado a la salida del Sol en el Solsticio de Invierno en el año 990 (Az 118.0°)."
      }
    },
    {
      "type": "Feature",
      "geometry": {
        "type": "LineString",
        "coordinates": [
          [
            -4.4025,
            42.2671
          ],
          [
            -4.257779409310667,
            42.36329129065469
          ]
        ]
      },
      "properties": {
        "origen_nombre": "San Martin de Fromista",
        "origen_tipo": "Templo / Encomienda",
        "fecha_origen": 1066,
        "subcapa": "align_stellar",
        "etiqueta_alineacion": "⭐ Puntería a Arturo (Boötes)",
        "acimut_grados": 48.0,
        "explicacion_alineacion": "Eje astronómico proyectado exactamente hacia la salida de Arturo (Boötes) en el año 1066 (Az 48.0°)."
      }
    },
    {
      "type": "Feature",
      "geometry": {
        "type": "LineString",
        "coordinates": [
          [
            -1.319,
            43.0097
          ],
          [
            -1.1222225509678136,
            43.00953145346019
          ]
        ]
      },
      "properties": {
        "origen_nombre": "Hospital de Roncesvalles",
        "origen_tipo": "Templo / Encomienda",
        "fecha_origen": 1127,
        "subcapa": "align_solar",
        "etiqueta_alineacion": "☀️ Equinoccio (Este Puro)",
        "acimut_grados": 90.0,
        "explicacion_alineacion": "Eje de orientación equinoccial exacta hacia el orto solar (Az 90.0°)."
      }
    },
    {
      "type": "Feature",
      "geometry": {
        "type": "LineString",
        "coordinates": [
          [
            -1.9784,
            42.6721
          ],
          [
            -1.8054144199804734,
            42.73952289578568
          ]
        ]
      },
      "properties": {
        "origen_nombre": "Monasterio de Irache",
        "origen_tipo": "Templo / Encomienda",
        "fecha_origen": 958,
        "subcapa": "align_solar",
        "etiqueta_alineacion": "☀️ Solsticio de Verano",
        "acimut_grados": 62.0,
        "explicacion_alineacion": "Eje orientado a la salida del Sol en el Solsticio de Verano en el año 958 (Az 62.0°)."
      }
    },
    {
      "type": "Feature",
      "geometry": {
        "type": "LineString",
        "coordinates": [
          [
            -2.9528,
            42.4417
          ],
          [
            -2.780824670365309,
            42.374018436142094
          ]
        ]
      },
      "properties": {
        "origen_nombre": "Iglesia de Santo Domingo de la Calzada",
        "origen_tipo": "Templo / Encomienda",
        "fecha_origen": 1044,
        "subcapa": "align_solar",
        "etiqueta_alineacion": "☀️ Solsticio de Invierno",
        "acimut_grados": 118.0,
        "explicacion_alineacion": "Eje orientado a la salida del Sol en el Solsticio de Invierno en el año 1044 (Az 118.0°)."
      }
    },
    {
      "type": "Feature",
      "geometry": {
        "type": "LineString",
        "coordinates": [
          [
            -2.8633,
            42.3218
          ],
          [
            -2.7184532347311747,
            42.41799111601182
          ]
        ]
      },
      "properties": {
        "origen_nombre": "Monasterio de San Millan de la Cogolla",
        "origen_tipo": "Templo / Encomienda",
        "fecha_origen": 537,
        "subcapa": "align_stellar",
        "etiqueta_alineacion": "⭐ Puntería a Arturo (Boötes)",
        "acimut_grados": 48.0,
        "explicacion_alineacion": "Eje astronómico proyectado exactamente hacia la salida de Arturo (Boötes) en el año 537 (Az 48.0°)."
      }
    },
    {
      "type": "Feature",
      "geometry": {
        "type": "LineString",
        "coordinates": [
          [
            -1.645,
            42.8212
          ],
          [
            -1.448823542247965,
            42.8210325617596
          ]
        ]
      },
      "properties": {
        "origen_nombre": "Catedral de Pamplona",
        "origen_tipo": "Templo / Encomienda",
        "fecha_origen": 1100,
        "subcapa": "align_solar",
        "etiqueta_alineacion": "☀️ Equinoccio (Este Puro)",
        "acimut_grados": 90.0,
        "explicacion_alineacion": "Eje de orientación equinoccial exacta hacia el orto solar (Az 90.0°)."
      }
    },
    {
      "type": "Feature",
      "geometry": {
        "type": "LineString",
        "coordinates": [
          [
            -2.4475,
            42.4667
          ],
          [
            -2.275084460233252,
            42.534123828847086
          ]
        ]
      },
      "properties": {
        "origen_nombre": "Iglesia de Logrono",
        "origen_tipo": "Templo / Encomienda",
        "fecha_origen": 1000,
        "subcapa": "align_solar",
        "etiqueta_alineacion": "☀️ Solsticio de Verano",
        "acimut_grados": 62.0,
        "explicacion_alineacion": "Eje orientado a la salida del Sol en el Solsticio de Verano en el año 1000 (Az 62.0°)."
      }
    },
    {
      "type": "Feature",
      "geometry": {
        "type": "LineString",
        "coordinates": [
          [
            -2.7306,
            42.4179
          ],
          [
            -2.5586898019076156,
            42.3502185433111
          ]
        ]
      },
      "properties": {
        "origen_nombre": "Monasterio de Santa Maria la Real de Najera",
        "origen_tipo": "Templo / Encomienda",
        "fecha_origen": 1052,
        "subcapa": "align_solar",
        "etiqueta_alineacion": "☀️ Solsticio de Invierno",
        "acimut_grados": 118.0,
        "explicacion_alineacion": "Eje orientado a la salida del Sol en el Solsticio de Invierno en el año 1052 (Az 118.0°)."
      }
    },
    {
      "type": "Feature",
      "geometry": {
        "type": "LineString",
        "coordinates": [
          [
            -3.7037,
            42.344
          ],
          [
            -3.558801926283546,
            42.44019104504605
          ]
        ]
      },
      "properties": {
        "origen_nombre": "Hospital de Burgos",
        "origen_tipo": "Templo / Encomienda",
        "fecha_origen": 1085,
        "subcapa": "align_stellar",
        "etiqueta_alineacion": "⭐ Puntería a Arturo (Boötes)",
        "acimut_grados": 48.0,
        "explicacion_alineacion": "Eje astronómico proyectado exactamente hacia la salida de Arturo (Boötes) en el año 1085 (Az 48.0°)."
      }
    },
    {
      "type": "Feature",
      "geometry": {
        "type": "LineString",
        "coordinates": [
          [
            -8.0259,
            43.0456
          ],
          [
            -7.829007432023224,
            43.045431241612675
          ]
        ]
      },
      "properties": {
        "origen_nombre": "Monasterio de Sobrado dos Monxes",
        "origen_tipo": "Templo / Encomienda",
        "fecha_origen": 952,
        "subcapa": "align_solar",
        "etiqueta_alineacion": "☀️ Equinoccio (Este Puro)",
        "acimut_grados": 90.0,
        "explicacion_alineacion": "Eje de orientación equinoccial exacta hacia el orto solar (Az 90.0°)."
      }
    },
    {
      "type": "Feature",
      "geometry": {
        "type": "LineString",
        "coordinates": [
          [
            -5.9667,
            41.5833
          ],
          [
            -5.796669256321582,
            41.6507277731337
          ]
        ]
      },
      "properties": {
        "origen_nombre": "San Pedro de la Nave",
        "origen_tipo": "Templo / Encomienda",
        "fecha_origen": 600,
        "subcapa": "align_solar",
        "etiqueta_alineacion": "☀️ Solsticio de Verano",
        "acimut_grados": 62.0,
        "explicacion_alineacion": "Eje orientado a la salida del Sol en el Solsticio de Verano en el año 600 (Az 62.0°)."
      }
    },
    {
      "type": "Feature",
      "geometry": {
        "type": "LineString",
        "coordinates": [
          [
            -4.4,
            39.75
          ],
          [
            -4.23491523732116,
            39.68233007109049
          ]
        ]
      },
      "properties": {
        "origen_nombre": "Santa María de Melque",
        "origen_tipo": "Templo / Encomienda",
        "fecha_origen": 700,
        "subcapa": "align_solar",
        "etiqueta_alineacion": "☀️ Solsticio de Invierno",
        "acimut_grados": 118.0,
        "explicacion_alineacion": "Eje orientado a la salida del Sol en el Solsticio de Invierno en el año 700 (Az 118.0°)."
      }
    },
    {
      "type": "Feature",
      "geometry": {
        "type": "LineString",
        "coordinates": [
          [
            -2.8,
            41.4167
          ],
          [
            -2.6571965148273033,
            41.5128939673624
          ]
        ]
      },
      "properties": {
        "origen_nombre": "Ermita de San Baudelio",
        "origen_tipo": "Templo / Encomienda",
        "fecha_origen": 1000,
        "subcapa": "align_stellar",
        "etiqueta_alineacion": "⭐ Puntería a Arturo (Boötes)",
        "acimut_grados": 48.0,
        "explicacion_alineacion": "Eje astronómico proyectado exactamente hacia la salida de Arturo (Boötes) en el año 1000 (Az 48.0°)."
      }
    },
    {
      "type": "Feature",
      "geometry": {
        "type": "LineString",
        "coordinates": [
          [
            -0.6667,
            42.5083
          ],
          [
            -0.4715084485411222,
            42.50813438664511
          ]
        ]
      },
      "properties": {
        "origen_nombre": "Monasterio de San Juan de la Peña",
        "origen_tipo": "Templo / Encomienda",
        "fecha_origen": 900,
        "subcapa": "align_solar",
        "etiqueta_alineacion": "☀️ Equinoccio (Este Puro)",
        "acimut_grados": 90.0,
        "explicacion_alineacion": "Eje de orientación equinoccial exacta hacia el orto solar (Az 90.0°)."
      }
    },
    {
      "type": "Feature",
      "geometry": {
        "type": "LineString",
        "coordinates": [
          [
            -0.5,
            42.1
          ],
          [
            -0.3285874155527417,
            42.16742547948367
          ]
        ]
      },
      "properties": {
        "origen_nombre": "Ermita de Santa Quiteria",
        "origen_tipo": "Templo / Encomienda",
        "fecha_origen": 1200,
        "subcapa": "align_solar",
        "etiqueta_alineacion": "☀️ Solsticio de Verano",
        "acimut_grados": 62.0,
        "explicacion_alineacion": "Eje orientado a la salida del Sol en el Solsticio de Verano en el año 1200 (Az 62.0°)."
      }
    },
    {
      "type": "Feature",
      "geometry": {
        "type": "LineString",
        "coordinates": [
          [
            -1.95,
            42.95
          ],
          [
            -1.7766145858797158,
            42.882316127707725
          ]
        ]
      },
      "properties": {
        "origen_nombre": "Santuario de San Miguel de Aralar",
        "origen_tipo": "Templo / Encomienda",
        "fecha_origen": 800,
        "subcapa": "align_solar",
        "etiqueta_alineacion": "☀️ Solsticio de Invierno",
        "acimut_grados": 118.0,
        "explicacion_alineacion": "Eje orientado a la salida del Sol en el Solsticio de Invierno en el año 800 (Az 118.0°)."
      }
    },
    {
      "type": "Feature",
      "geometry": {
        "type": "LineString",
        "coordinates": [
          [
            -7.9833,
            41.9667
          ],
          [
            -7.839266099733051,
            42.062892244367234
          ]
        ]
      },
      "properties": {
        "origen_nombre": "Santa Comba de Bande",
        "origen_tipo": "Templo / Encomienda",
        "fecha_origen": 600,
        "subcapa": "align_stellar",
        "etiqueta_alineacion": "⭐ Puntería a Arturo (Boötes)",
        "acimut_grados": 48.0,
        "explicacion_alineacion": "Eje astronómico proyectado exactamente hacia la salida de Arturo (Boötes) en el año 600 (Az 48.0°)."
      }
    },
    {
      "type": "Feature",
      "geometry": {
        "type": "LineString",
        "coordinates": [
          [
            -5.2167,
            41.7167
          ],
          [
            -5.02393112892676,
            41.71653892307513
          ]
        ]
      },
      "properties": {
        "origen_nombre": "Ermita de Nuestra Señora de la Anunciada",
        "origen_tipo": "Templo / Encomienda",
        "fecha_origen": 1000,
        "subcapa": "align_solar",
        "etiqueta_alineacion": "☀️ Equinoccio (Este Puro)",
        "acimut_grados": 90.0,
        "explicacion_alineacion": "Eje de orientación equinoccial exacta hacia el orto solar (Az 90.0°)."
      }
    },
    {
      "type": "Feature",
      "geometry": {
        "type": "LineString",
        "coordinates": [
          [
            -5.8667,
            43.3833
          ],
          [
            -5.691693661439855,
            43.45071961657982
          ]
        ]
      },
      "properties": {
        "origen_nombre": "San Miguel de Lillo",
        "origen_tipo": "Templo / Encomienda",
        "fecha_origen": 800,
        "subcapa": "align_solar",
        "etiqueta_alineacion": "☀️ Solsticio de Verano",
        "acimut_grados": 62.0,
        "explicacion_alineacion": "Eje orientado a la salida del Sol en el Solsticio de Verano en el año 800 (Az 62.0°)."
      }
    },
    {
      "type": "Feature",
      "geometry": {
        "type": "LineString",
        "coordinates": [
          [
            -5.8667,
            43.3833
          ],
          [
            -5.692083242857587,
            43.315614129652744
          ]
        ]
      },
      "properties": {
        "origen_nombre": "Santa María del Naranco",
        "origen_tipo": "Templo / Encomienda",
        "fecha_origen": 800,
        "subcapa": "align_solar",
        "etiqueta_alineacion": "☀️ Solsticio de Invierno",
        "acimut_grados": 118.0,
        "explicacion_alineacion": "Eje orientado a la salida del Sol en el Solsticio de Invierno en el año 800 (Az 118.0°)."
      }
    },
    {
      "type": "Feature",
      "geometry": {
        "type": "LineString",
        "coordinates": [
          [
            -5.8333,
            43.3667
          ],
          [
            -5.685973963015383,
            43.46288772004477
          ]
        ]
      },
      "properties": {
        "origen_nombre": "Santullano",
        "origen_tipo": "Templo / Encomienda",
        "fecha_origen": 800,
        "subcapa": "align_stellar",
        "etiqueta_alineacion": "⭐ Puntería a Arturo (Boötes)",
        "acimut_grados": 48.0,
        "explicacion_alineacion": "Eje astronómico proyectado exactamente hacia la salida de Arturo (Boötes) en el año 800 (Az 48.0°)."
      }
    },
    {
      "type": "Feature",
      "geometry": {
        "type": "LineString",
        "coordinates": [
          [
            -2.8667,
            42.3167
          ],
          [
            -2.672103821126966,
            42.316535495090605
          ]
        ]
      },
      "properties": {
        "origen_nombre": "Monasterio de Suso",
        "origen_tipo": "Templo / Encomienda",
        "fecha_origen": 500,
        "subcapa": "align_solar",
        "etiqueta_alineacion": "☀️ Equinoccio (Este Puro)",
        "acimut_grados": 90.0,
        "explicacion_alineacion": "Eje de orientación equinoccial exacta hacia el orto solar (Az 90.0°)."
      }
    },
    {
      "type": "Feature",
      "geometry": {
        "type": "LineString",
        "coordinates": [
          [
            -6.5333,
            42.4333
          ],
          [
            -6.360976590251107,
            42.500723979991314
          ]
        ]
      },
      "properties": {
        "origen_nombre": "Peñalba de Santiago",
        "origen_tipo": "Templo / Encomienda",
        "fecha_origen": 900,
        "subcapa": "align_solar",
        "etiqueta_alineacion": "☀️ Solsticio de Verano",
        "acimut_grados": 62.0,
        "explicacion_alineacion": "Eje orientado a la salida del Sol en el Solsticio de Verano en el año 900 (Az 62.0°)."
      }
    },
    {
      "type": "Feature",
      "geometry": {
        "type": "LineString",
        "coordinates": [
          [
            -5.1167,
            42.5667
          ],
          [
            -4.944381292158387,
            42.499017871942634
          ]
        ]
      },
      "properties": {
        "origen_nombre": "Ermita de San Tirso",
        "origen_tipo": "Templo / Encomienda",
        "fecha_origen": 800,
        "subcapa": "align_solar",
        "etiqueta_alineacion": "☀️ Solsticio de Invierno",
        "acimut_grados": 118.0,
        "explicacion_alineacion": "Eje orientado a la salida del Sol en el Solsticio de Invierno en el año 800 (Az 118.0°)."
      }
    },
    {
      "type": "Feature",
      "geometry": {
        "type": "LineString",
        "coordinates": [
          [
            -5.3167,
            42.5667
          ],
          [
            -5.171283994578036,
            42.662890330354806
          ]
        ]
      },
      "properties": {
        "origen_nombre": "Iglesia de San Miguel de Escalada",
        "origen_tipo": "Templo / Encomienda",
        "fecha_origen": 900,
        "subcapa": "align_stellar",
        "etiqueta_alineacion": "⭐ Puntería a Arturo (Boötes)",
        "acimut_grados": 48.0,
        "explicacion_alineacion": "Eje astronómico proyectado exactamente hacia la salida de Arturo (Boötes) en el año 900 (Az 48.0°)."
      }
    },
    {
      "type": "Feature",
      "geometry": {
        "type": "LineString",
        "coordinates": [
          [
            -3.7039,
            42.3408
          ],
          [
            -3.509229252812195,
            42.34063535603888
          ]
        ]
      },
      "properties": {
        "origen_nombre": "Hospital de Peregrinos de Burgos",
        "origen_tipo": "Templo / Encomienda",
        "fecha_origen": 1085,
        "subcapa": "align_solar",
        "etiqueta_alineacion": "☀️ Equinoccio (Este Puro)",
        "acimut_grados": 90.0,
        "explicacion_alineacion": "Eje de orientación equinoccial exacta hacia el orto solar (Az 90.0°)."
      }
    },
    {
      "type": "Feature",
      "geometry": {
        "type": "LineString",
        "coordinates": [
          [
            -3.7022,
            42.3378
          ],
          [
            -3.530139151282849,
            42.405224411265955
          ]
        ]
      },
      "properties": {
        "origen_nombre": "Ermita del Santo Cristo de Burgos",
        "origen_tipo": "Templo / Encomienda",
        "fecha_origen": 1090,
        "subcapa": "align_solar",
        "etiqueta_alineacion": "☀️ Solsticio de Verano",
        "acimut_grados": 62.0,
        "explicacion_alineacion": "Eje orientado a la salida del Sol en el Solsticio de Verano en el año 1090 (Az 62.0°)."
      }
    },
    {
      "type": "Feature",
      "geometry": {
        "type": "LineString",
        "coordinates": [
          [
            -4.5989,
            42.3608
          ],
          [
            -4.42714574114475,
            42.29311880009607
          ]
        ]
      },
      "properties": {
        "origen_nombre": "Monasterio de San Zoilo",
        "origen_tipo": "Templo / Encomienda",
        "fecha_origen": 1046,
        "subcapa": "align_solar",
        "etiqueta_alineacion": "☀️ Solsticio de Invierno",
        "acimut_grados": 118.0,
        "explicacion_alineacion": "Eje orientado a la salida del Sol en el Solsticio de Invierno en el año 1046 (Az 118.0°)."
      }
    },
    {
      "type": "Feature",
      "geometry": {
        "type": "LineString",
        "coordinates": [
          [
            -6.3781,
            42.5067
          ],
          [
            -6.232824116294447,
            42.60289052340997
          ]
        ]
      },
      "properties": {
        "origen_nombre": "Cruz de Fierro",
        "origen_tipo": "Templo / Encomienda",
        "fecha_origen": 1000,
        "subcapa": "align_stellar",
        "etiqueta_alineacion": "⭐ Puntería a Arturo (Boötes)",
        "acimut_grados": 48.0,
        "explicacion_alineacion": "Eje astronómico proyectado exactamente hacia la salida de Arturo (Boötes) en el año 1000 (Az 48.0°)."
      }
    },
    {
      "type": "Feature",
      "geometry": {
        "type": "LineString",
        "coordinates": [
          [
            -6.81,
            42.6078
          ],
          [
            -6.614496961228156,
            42.60763380833377
          ]
        ]
      },
      "properties": {
        "origen_nombre": "Iglesia de Santiago, Villafranca",
        "origen_tipo": "Templo / Encomienda",
        "fecha_origen": 1070,
        "subcapa": "align_solar",
        "etiqueta_alineacion": "☀️ Equinoccio (Este Puro)",
        "acimut_grados": 90.0,
        "explicacion_alineacion": "Eje de orientación equinoccial exacta hacia el orto solar (Az 90.0°)."
      }
    },
    {
      "type": "Feature",
      "geometry": {
        "type": "LineString",
        "coordinates": [
          [
            -8.0386,
            42.7444
          ],
          [
            -7.86541233947894,
            42.81182256588027
          ]
        ]
      },
      "properties": {
        "origen_nombre": "Pazo de Deza",
        "origen_tipo": "Templo / Encomienda",
        "fecha_origen": 1200,
        "subcapa": "align_solar",
        "etiqueta_alineacion": "☀️ Solsticio de Verano",
        "acimut_grados": 62.0,
        "explicacion_alineacion": "Eje orientado a la salida del Sol en el Solsticio de Verano en el año 1200 (Az 62.0°)."
      }
    },
    {
      "type": "Feature",
      "geometry": {
        "type": "LineString",
        "coordinates": [
          [
            -7.0355,
            42.7095
          ],
          [
            -6.862786326860267,
            42.64181722463413
          ]
        ]
      },
      "properties": {
        "origen_nombre": "Santa María de O Cebreiro",
        "origen_tipo": "Templo / Encomienda",
        "fecha_origen": 836,
        "subcapa": "align_solar",
        "etiqueta_alineacion": "☀️ Solsticio de Invierno",
        "acimut_grados": 118.0,
        "explicacion_alineacion": "Eje orientado a la salida del Sol en el Solsticio de Invierno en el año 836 (Az 118.0°)."
      }
    },
    {
      "type": "Feature",
      "geometry": {
        "type": "LineString",
        "coordinates": [
          [
            -9.0506,
            43.1906
          ],
          [
            -8.903701167416143,
            43.286788300516434
          ]
        ]
      },
      "properties": {
        "origen_nombre": "San Xulián de Moraime",
        "origen_tipo": "Templo / Encomienda",
        "fecha_origen": 1119,
        "subcapa": "align_stellar",
        "etiqueta_alineacion": "⭐ Puntería a Arturo (Boötes)",
        "acimut_grados": 48.0,
        "explicacion_alineacion": "Eje astronómico proyectado exactamente hacia la salida de Arturo (Boötes) en el año 1119 (Az 48.0°)."
      }
    },
    {
      "type": "Feature",
      "geometry": {
        "type": "LineString",
        "coordinates": [
          [
            -8.0214,
            43.0553
          ],
          [
            -7.824476291074047,
            43.05513118432998
          ]
        ]
      },
      "properties": {
        "origen_nombre": "San Salvador de Sobrado dos Monxes",
        "origen_tipo": "Templo / Encomienda",
        "fecha_origen": 952,
        "subcapa": "align_solar",
        "etiqueta_alineacion": "☀️ Equinoccio (Este Puro)",
        "acimut_grados": 90.0,
        "explicacion_alineacion": "Eje de orientación equinoccial exacta hacia el orto solar (Az 90.0°)."
      }
    },
    {
      "type": "Feature",
      "geometry": {
        "type": "LineString",
        "coordinates": [
          [
            -7.6136,
            42.8083
          ],
          [
            -7.440233113705255,
            42.875722273661395
          ]
        ]
      },
      "properties": {
        "origen_nombre": "Iglesia de Portomarín",
        "origen_tipo": "Templo / Encomienda",
        "fecha_origen": 1150,
        "subcapa": "align_solar",
        "etiqueta_alineacion": "☀️ Solsticio de Verano",
        "acimut_grados": 62.0,
        "explicacion_alineacion": "Eje orientado a la salida del Sol en el Solsticio de Verano en el año 1150 (Az 62.0°)."
      }
    },
    {
      "type": "Feature",
      "geometry": {
        "type": "LineString",
        "coordinates": [
          [
            -5.6903,
            42.5683
          ],
          [
            -5.517976882708903,
            42.50061786470629
          ]
        ]
      },
      "properties": {
        "origen_nombre": "Capilla de San Marcos",
        "origen_tipo": "Templo / Encomienda",
        "fecha_origen": 1120,
        "subcapa": "align_solar",
        "etiqueta_alineacion": "☀️ Solsticio de Invierno",
        "acimut_grados": 118.0,
        "explicacion_alineacion": "Eje orientado a la salida del Sol en el Solsticio de Invierno en el año 1120 (Az 118.0°)."
      }
    },
    {
      "type": "Feature",
      "geometry": {
        "type": "LineString",
        "coordinates": [
          [
            -4.4214,
            36.7213
          ],
          [
            -4.287826326711638,
            36.81750759343151
          ]
        ]
      },
      "properties": {
        "origen_nombre": "Catedral de Málaga (Mozárabe)",
        "origen_tipo": "Templo / Encomienda",
        "fecha_origen": 1000,
        "subcapa": "align_stellar",
        "etiqueta_alineacion": "⭐ Puntería a Arturo (Boötes)",
        "acimut_grados": 48.0,
        "explicacion_alineacion": "Eje astronómico proyectado exactamente hacia la salida de Arturo (Boötes) en el año 1000 (Az 48.0°)."
      }
    },
    {
      "type": "Feature",
      "geometry": {
        "type": "LineString",
        "coordinates": [
          [
            -4.7753,
            37.8828
          ],
          [
            -4.5929903272646175,
            37.882659429389506
          ]
        ]
      },
      "properties": {
        "origen_nombre": "Ermita de Nuestra Señora de Villaverde",
        "origen_tipo": "Templo / Encomienda",
        "fecha_origen": 1050,
        "subcapa": "align_solar",
        "etiqueta_alineacion": "☀️ Equinoccio (Este Puro)",
        "acimut_grados": 90.0,
        "explicacion_alineacion": "Eje de orientación equinoccial exacta hacia el orto solar (Az 90.0°)."
      }
    },
    {
      "type": "Feature",
      "geometry": {
        "type": "LineString",
        "coordinates": [
          [
            -6.0628,
            37.3989
          ],
          [
            -5.902730803537242,
            37.466345103459496
          ]
        ]
      },
      "properties": {
        "origen_nombre": "Ermita de San Isidoro del Campo",
        "origen_tipo": "Templo / Encomienda",
        "fecha_origen": 1301,
        "subcapa": "align_solar",
        "etiqueta_alineacion": "☀️ Solsticio de Verano",
        "acimut_grados": 62.0,
        "explicacion_alineacion": "Eje orientado a la salida del Sol en el Solsticio de Verano en el año 1301 (Az 62.0°)."
      }
    },
    {
      "type": "Feature",
      "geometry": {
        "type": "LineString",
        "coordinates": [
          [
            -6.6964,
            38.0858
          ],
          [
            -6.535133057658142,
            38.01813681825404
          ]
        ]
      },
      "properties": {
        "origen_nombre": "Monasterio de Tentudía",
        "origen_tipo": "Templo / Encomienda",
        "fecha_origen": 1325,
        "subcapa": "align_solar",
        "etiqueta_alineacion": "☀️ Solsticio de Invierno",
        "acimut_grados": 118.0,
        "explicacion_alineacion": "Eje orientado a la salida del Sol en el Solsticio de Invierno en el año 1325 (Az 118.0°)."
      }
    },
    {
      "type": "Feature",
      "geometry": {
        "type": "LineString",
        "coordinates": [
          [
            -6.3736,
            38.4069
          ],
          [
            -6.236958455416313,
            38.50310290831878
          ]
        ]
      },
      "properties": {
        "origen_nombre": "Ermita de Nuestra Señora de la Consolación",
        "origen_tipo": "Templo / Encomienda",
        "fecha_origen": 1200,
        "subcapa": "align_stellar",
        "etiqueta_alineacion": "⭐ Puntería a Arturo (Boötes)",
        "acimut_grados": 48.0,
        "explicacion_alineacion": "Eje astronómico proyectado exactamente hacia la salida de Arturo (Boötes) en el año 1200 (Az 48.0°)."
      }
    },
    {
      "type": "Feature",
      "geometry": {
        "type": "LineString",
        "coordinates": [
          [
            -6.3444,
            38.9175
          ],
          [
            -6.159461991985543,
            38.91735411625147
          ]
        ]
      },
      "properties": {
        "origen_nombre": "Iglesia de San Pedro de Mérida",
        "origen_tipo": "Templo / Encomienda",
        "fecha_origen": 900,
        "subcapa": "align_solar",
        "etiqueta_alineacion": "☀️ Equinoccio (Este Puro)",
        "acimut_grados": 90.0,
        "explicacion_alineacion": "Eje de orientación equinoccial exacta hacia el orto solar (Az 90.0°)."
      }
    },
    {
      "type": "Feature",
      "geometry": {
        "type": "LineString",
        "coordinates": [
          [
            -6.4017,
            39.2417
          ],
          [
            -6.237499119158034,
            39.30913772762739
          ]
        ]
      },
      "properties": {
        "origen_nombre": "Ermita de la Virgen del Buey Negro",
        "origen_tipo": "Templo / Encomienda",
        "fecha_origen": 1100,
        "subcapa": "align_solar",
        "etiqueta_alineacion": "☀️ Solsticio de Verano",
        "acimut_grados": 62.0,
        "explicacion_alineacion": "Eje orientado a la salida del Sol en el Solsticio de Verano en el año 1100 (Az 62.0°)."
      }
    },
    {
      "type": "Feature",
      "geometry": {
        "type": "LineString",
        "coordinates": [
          [
            -6.3722,
            39.4764
          ],
          [
            -6.207764847575284,
            39.40873120229347
          ]
        ]
      },
      "properties": {
        "origen_nombre": "Santa María de Cáceres",
        "origen_tipo": "Templo / Encomienda",
        "fecha_origen": 1229,
        "subcapa": "align_solar",
        "etiqueta_alineacion": "☀️ Solsticio de Invierno",
        "acimut_grados": 118.0,
        "explicacion_alineacion": "Eje orientado a la salida del Sol en el Solsticio de Invierno en el año 1229 (Az 118.0°)."
      }
    },
    {
      "type": "Feature",
      "geometry": {
        "type": "LineString",
        "coordinates": [
          [
            -6.3628,
            39.4756
          ],
          [
            -6.224076005768573,
            39.571799823074855
          ]
        ]
      },
      "properties": {
        "origen_nombre": "Ermita de Nuestra Señora de la Montaña",
        "origen_tipo": "Templo / Encomienda",
        "fecha_origen": 1160,
        "subcapa": "align_stellar",
        "etiqueta_alineacion": "⭐ Puntería a Arturo (Boötes)",
        "acimut_grados": 48.0,
        "explicacion_alineacion": "Eje astronómico proyectado exactamente hacia la salida de Arturo (Boötes) en el año 1160 (Az 48.0°)."
      }
    },
    {
      "type": "Feature",
      "geometry": {
        "type": "LineString",
        "coordinates": [
          [
            -6.0936,
            40.0317
          ],
          [
            -5.90567604979607,
            40.031548218744724
          ]
        ]
      },
      "properties": {
        "origen_nombre": "Iglesia de la Asunción, Plasencia",
        "origen_tipo": "Templo / Encomienda",
        "fecha_origen": 1188,
        "subcapa": "align_solar",
        "etiqueta_alineacion": "☀️ Equinoccio (Este Puro)",
        "acimut_grados": 90.0,
        "explicacion_alineacion": "Eje de orientación equinoccial exacta hacia el orto solar (Az 90.0°)."
      }
    },
    {
      "type": "Feature",
      "geometry": {
        "type": "LineString",
        "coordinates": [
          [
            -5.7739,
            40.3897
          ],
          [
            -5.606926605530383,
            40.45713293404689
          ]
        ]
      },
      "properties": {
        "origen_nombre": "San Vicente Ferrer de Béjar",
        "origen_tipo": "Templo / Encomienda",
        "fecha_origen": 1250,
        "subcapa": "align_solar",
        "etiqueta_alineacion": "☀️ Solsticio de Verano",
        "acimut_grados": 62.0,
        "explicacion_alineacion": "Eje orientado a la salida del Sol en el Solsticio de Verano en el año 1250 (Az 62.0°)."
      }
    },
    {
      "type": "Feature",
      "geometry": {
        "type": "LineString",
        "coordinates": [
          [
            -5.6644,
            40.6506
          ],
          [
            -5.49711298989631,
            40.582926283110254
          ]
        ]
      },
      "properties": {
        "origen_nombre": "Ermita del Cristo del Humilladero",
        "origen_tipo": "Templo / Encomienda",
        "fecha_origen": 1100,
        "subcapa": "align_solar",
        "etiqueta_alineacion": "☀️ Solsticio de Invierno",
        "acimut_grados": 118.0,
        "explicacion_alineacion": "Eje orientado a la salida del Sol en el Solsticio de Invierno en el año 1100 (Az 118.0°)."
      }
    },
    {
      "type": "Feature",
      "geometry": {
        "type": "LineString",
        "coordinates": [
          [
            -0.3763,
            39.4751
          ],
          [
            -0.23757700624335742,
            39.5712998245404
          ]
        ]
      },
      "properties": {
        "origen_nombre": "Catedral de Valencia",
        "origen_tipo": "Templo / Encomienda",
        "fecha_origen": 1238,
        "subcapa": "align_stellar",
        "etiqueta_alineacion": "⭐ Puntería a Arturo (Boötes)",
        "acimut_grados": 48.0,
        "explicacion_alineacion": "Eje astronómico proyectado exactamente hacia la salida de Arturo (Boötes) en el año 1238 (Az 48.0°)."
      }
    },
    {
      "type": "Feature",
      "geometry": {
        "type": "LineString",
        "coordinates": [
          [
            -0.3761,
            39.4744
          ],
          [
            -0.1896903247224977,
            39.474251192170705
          ]
        ]
      },
      "properties": {
        "origen_nombre": "Ermita de la Virgen de los Desamparados",
        "origen_tipo": "Templo / Encomienda",
        "fecha_origen": 1400,
        "subcapa": "align_solar",
        "etiqueta_alineacion": "☀️ Equinoccio (Este Puro)",
        "acimut_grados": 90.0,
        "explicacion_alineacion": "Eje de orientación equinoccial exacta hacia el orto solar (Az 90.0°)."
      }
    },
    {
      "type": "Feature",
      "geometry": {
        "type": "LineString",
        "coordinates": [
          [
            -1.1017,
            39.4872
          ],
          [
            -0.9369195269378154,
            39.55463671591788
          ]
        ]
      },
      "properties": {
        "origen_nombre": "Iglesia de Santiago Apóstol, Requena",
        "origen_tipo": "Templo / Encomienda",
        "fecha_origen": 1250,
        "subcapa": "align_solar",
        "etiqueta_alineacion": "☀️ Solsticio de Verano",
        "acimut_grados": 62.0,
        "explicacion_alineacion": "Eje orientado a la salida del Sol en el Solsticio de Verano en el año 1250 (Az 62.0°)."
      }
    },
    {
      "type": "Feature",
      "geometry": {
        "type": "LineString",
        "coordinates": [
          [
            -2.1281,
            40.0775
          ],
          [
            -1.9622258751562724,
            40.009828705190145
          ]
        ]
      },
      "properties": {
        "origen_nombre": "Ermita de San Blas, Cuenca",
        "origen_tipo": "Templo / Encomienda",
        "fecha_origen": 1150,
        "subcapa": "align_solar",
        "etiqueta_alineacion": "☀️ Solsticio de Invierno",
        "acimut_grados": 118.0,
        "explicacion_alineacion": "Eje orientado a la salida del Sol en el Solsticio de Invierno en el año 1150 (Az 118.0°)."
      }
    },
    {
      "type": "Feature",
      "geometry": {
        "type": "LineString",
        "coordinates": [
          [
            -2.6375,
            41.0667
          ],
          [
            -2.4954618495442973,
            41.16289504863122
          ]
        ]
      },
      "properties": {
        "origen_nombre": "Iglesia del Salvador, Sigüenza",
        "origen_tipo": "Templo / Encomienda",
        "fecha_origen": 1124,
        "subcapa": "align_stellar",
        "etiqueta_alineacion": "⭐ Puntería a Arturo (Boötes)",
        "acimut_grados": 48.0,
        "explicacion_alineacion": "Eje astronómico proyectado exactamente hacia la salida de Arturo (Boötes) en el año 1124 (Az 48.0°)."
      }
    },
    {
      "type": "Feature",
      "geometry": {
        "type": "LineString",
        "coordinates": [
          [
            -2.3,
            41.1833
          ],
          [
            -2.10880957635758,
            41.18314191722896
          ]
        ]
      },
      "properties": {
        "origen_nombre": "Monasterio de Santa María de Huerta",
        "origen_tipo": "Templo / Encomienda",
        "fecha_origen": 1162,
        "subcapa": "align_solar",
        "etiqueta_alineacion": "☀️ Equinoccio (Este Puro)",
        "acimut_grados": 90.0,
        "explicacion_alineacion": "Eje de orientación equinoccial exacta hacia el orto solar (Az 90.0°)."
      }
    },
    {
      "type": "Feature",
      "geometry": {
        "type": "LineString",
        "coordinates": [
          [
            -5.8447,
            43.3625
          ],
          [
            -5.669753815248873,
            43.429919713574066
          ]
        ]
      },
      "properties": {
        "origen_nombre": "Catedral de Oviedo (Cámara Santa)",
        "origen_tipo": "Templo / Encomienda",
        "fecha_origen": 802,
        "subcapa": "align_solar",
        "etiqueta_alineacion": "☀️ Solsticio de Verano",
        "acimut_grados": 62.0,
        "explicacion_alineacion": "Eje orientado a la salida del Sol en el Solsticio de Verano en el año 802 (Az 62.0°)."
      }
    },
    {
      "type": "Feature",
      "geometry": {
        "type": "LineString",
        "coordinates": [
          [
            -6.4272,
            43.3308
          ],
          [
            -6.252733898826959,
            43.26311437325461
          ]
        ]
      },
      "properties": {
        "origen_nombre": "Santa María de Tineo",
        "origen_tipo": "Templo / Encomienda",
        "fecha_origen": 1120,
        "subcapa": "align_solar",
        "etiqueta_alineacion": "☀️ Solsticio de Invierno",
        "acimut_grados": 118.0,
        "explicacion_alineacion": "Eje orientado a la salida del Sol en el Solsticio de Invierno en el año 1120 (Az 118.0°)."
      }
    },
    {
      "type": "Feature",
      "geometry": {
        "type": "LineString",
        "coordinates": [
          [
            -6.8658,
            43.2931
          ],
          [
            -6.718652981642976,
            43.389287963059815
          ]
        ]
      },
      "properties": {
        "origen_nombre": "Ermita de La Mazona",
        "origen_tipo": "Templo / Encomienda",
        "fecha_origen": 1100,
        "subcapa": "align_stellar",
        "etiqueta_alineacion": "⭐ Puntería a Arturo (Boötes)",
        "acimut_grados": 48.0,
        "explicacion_alineacion": "Eje astronómico proyectado exactamente hacia la salida de Arturo (Boötes) en el año 1100 (Az 48.0°)."
      }
    },
    {
      "type": "Feature",
      "geometry": {
        "type": "LineString",
        "coordinates": [
          [
            -7.4561,
            42.4275
          ],
          [
            -7.261160233750438,
            42.42733485491583
          ]
        ]
      },
      "properties": {
        "origen_nombre": "Monasterio de Santa Cristina de Ribas de Sil",
        "origen_tipo": "Templo / Encomienda",
        "fecha_origen": 1013,
        "subcapa": "align_solar",
        "etiqueta_alineacion": "☀️ Equinoccio (Este Puro)",
        "acimut_grados": 90.0,
        "explicacion_alineacion": "Eje de orientación equinoccial exacta hacia el orto solar (Az 90.0°)."
      }
    },
    {
      "type": "Feature",
      "geometry": {
        "type": "LineString",
        "coordinates": [
          [
            -7.4728,
            42.4239
          ],
          [
            -7.300502490752063,
            42.49132402249979
          ]
        ]
      },
      "properties": {
        "origen_nombre": "San Esteban de Ribas de Sil",
        "origen_tipo": "Templo / Encomienda",
        "fecha_origen": 921,
        "subcapa": "align_solar",
        "etiqueta_alineacion": "☀️ Solsticio de Verano",
        "acimut_grados": 62.0,
        "explicacion_alineacion": "Eje orientado a la salida del Sol en el Solsticio de Verano en el año 921 (Az 62.0°)."
      }
    },
    {
      "type": "Feature",
      "geometry": {
        "type": "LineString",
        "coordinates": [
          [
            -8.2314,
            43.4845
          ],
          [
            -8.0564916851997,
            43.416813658891094
          ]
        ]
      },
      "properties": {
        "origen_nombre": "Iglesia de San Julián, Ferrol",
        "origen_tipo": "Templo / Encomienda",
        "fecha_origen": 1186,
        "subcapa": "align_solar",
        "etiqueta_alineacion": "☀️ Solsticio de Invierno",
        "acimut_grados": 118.0,
        "explicacion_alineacion": "Eje orientado a la salida del Sol en el Solsticio de Invierno en el año 1186 (Az 118.0°)."
      }
    },
    {
      "type": "Feature",
      "geometry": {
        "type": "LineString",
        "coordinates": [
          [
            -8.2314,
            43.4361
          ],
          [
            -8.083904537450515,
            43.5322874903548
          ]
        ]
      },
      "properties": {
        "origen_nombre": "San Tirso de Mandía",
        "origen_tipo": "Templo / Encomienda",
        "fecha_origen": 1200,
        "subcapa": "align_stellar",
        "etiqueta_alineacion": "⭐ Puntería a Arturo (Boötes)",
        "acimut_grados": 48.0,
        "explicacion_alineacion": "Eje astronómico proyectado exactamente hacia la salida de Arturo (Boötes) en el año 1200 (Az 48.0°)."
      }
    },
    {
      "type": "Feature",
      "geometry": {
        "type": "LineString",
        "coordinates": [
          [
            -8.2083,
            43.2778
          ],
          [
            -8.01065770209342,
            43.277629865371466
          ]
        ]
      },
      "properties": {
        "origen_nombre": "Santa María de Betanzos",
        "origen_tipo": "Templo / Encomienda",
        "fecha_origen": 1292,
        "subcapa": "align_solar",
        "etiqueta_alineacion": "☀️ Equinoccio (Este Puro)",
        "acimut_grados": 90.0,
        "explicacion_alineacion": "Eje de orientación equinoccial exacta hacia el orto solar (Az 90.0°)."
      }
    },
    {
      "type": "Feature",
      "geometry": {
        "type": "LineString",
        "coordinates": [
          [
            -8.3453,
            43.1483
          ],
          [
            -8.170969553395167,
            43.21572070856832
          ]
        ]
      },
      "properties": {
        "origen_nombre": "Iglesia de Santiago, Bruma",
        "origen_tipo": "Templo / Encomienda",
        "fecha_origen": 1100,
        "subcapa": "align_solar",
        "etiqueta_alineacion": "☀️ Solsticio de Verano",
        "acimut_grados": 62.0,
        "explicacion_alineacion": "Eje orientado a la salida del Sol en el Solsticio de Verano en el año 1100 (Az 62.0°)."
      }
    },
    {
      "type": "Feature",
      "geometry": {
        "type": "LineString",
        "coordinates": [
          [
            -1.1725,
            42.6528
          ],
          [
            -0.999943496171355,
            42.5851174820086
          ]
        ]
      },
      "properties": {
        "origen_nombre": "San Salvador de Leyre",
        "origen_tipo": "Templo / Encomienda",
        "fecha_origen": 842,
        "subcapa": "align_solar",
        "etiqueta_alineacion": "☀️ Solsticio de Invierno",
        "acimut_grados": 118.0,
        "explicacion_alineacion": "Eje orientado a la salida del Sol en el Solsticio de Invierno en el año 842 (Az 118.0°)."
      }
    },
    {
      "type": "Feature",
      "geometry": {
        "type": "LineString",
        "coordinates": [
          [
            -1.2839,
            42.57
          ],
          [
            -1.1384762754127324,
            42.66619031972597
          ]
        ]
      },
      "properties": {
        "origen_nombre": "Santa María de Sangüesa",
        "origen_tipo": "Templo / Encomienda",
        "fecha_origen": 1131,
        "subcapa": "align_stellar",
        "etiqueta_alineacion": "⭐ Puntería a Arturo (Boötes)",
        "acimut_grados": 48.0,
        "explicacion_alineacion": "Eje astronómico proyectado exactamente hacia la salida de Arturo (Boötes) en el año 1131 (Az 48.0°)."
      }
    },
    {
      "type": "Feature",
      "geometry": {
        "type": "LineString",
        "coordinates": [
          [
            -1.3197,
            43.0097
          ],
          [
            -1.1229225509678136,
            43.00953145346019
          ]
        ]
      },
      "properties": {
        "origen_nombre": "Real Colegiata de Roncesvalles",
        "origen_tipo": "Templo / Encomienda",
        "fecha_origen": 1127,
        "subcapa": "align_solar",
        "etiqueta_alineacion": "☀️ Equinoccio (Este Puro)",
        "acimut_grados": 90.0,
        "explicacion_alineacion": "Eje de orientación equinoccial exacta hacia el orto solar (Az 90.0°)."
      }
    },
    {
      "type": "Feature",
      "geometry": {
        "type": "LineString",
        "coordinates": [
          [
            -1.32,
            43.0097
          ],
          [
            -1.146064375913881,
            43.07712134867005
          ]
        ]
      },
      "properties": {
        "origen_nombre": "Iglesia de Santiago Apóstol, Roncesvalles",
        "origen_tipo": "Templo / Encomienda",
        "fecha_origen": 1215,
        "subcapa": "align_solar",
        "etiqueta_alineacion": "☀️ Solsticio de Verano",
        "acimut_grados": 62.0,
        "explicacion_alineacion": "Eje orientado a la salida del Sol en el Solsticio de Verano en el año 1215 (Az 62.0°)."
      }
    },
    {
      "type": "Feature",
      "geometry": {
        "type": "LineString",
        "coordinates": [
          [
            -1.318,
            43.01
          ],
          [
            -1.144445707048237,
            42.94231585271353
          ]
        ]
      },
      "properties": {
        "origen_nombre": "Ermita de la Trinidad, Roncesvalles",
        "origen_tipo": "Templo / Encomienda",
        "fecha_origen": 1200,
        "subcapa": "align_solar",
        "etiqueta_alineacion": "☀️ Solsticio de Invierno",
        "acimut_grados": 118.0,
        "explicacion_alineacion": "Eje orientado a la salida del Sol en el Solsticio de Invierno en el año 1200 (Az 118.0°)."
      }
    },
    {
      "type": "Feature",
      "geometry": {
        "type": "LineString",
        "coordinates": [
          [
            -1.3181,
            43.0219
          ],
          [
            -1.1716068086907447,
            43.11808885345227
          ]
        ]
      },
      "properties": {
        "origen_nombre": "Ermita de San Salvador de Ibañeta",
        "origen_tipo": "Templo / Encomienda",
        "fecha_origen": 1000,
        "subcapa": "align_stellar",
        "etiqueta_alineacion": "⭐ Puntería a Arturo (Boötes)",
        "acimut_grados": 48.0,
        "explicacion_alineacion": "Eje astronómico proyectado exactamente hacia la salida de Arturo (Boötes) en el año 1000 (Az 48.0°)."
      }
    },
    {
      "type": "Feature",
      "geometry": {
        "type": "LineString",
        "coordinates": [
          [
            -1.4167,
            42.9667
          ],
          [
            -1.220060158567808,
            42.96653170687943
          ]
        ]
      },
      "properties": {
        "origen_nombre": "Cruz de los Peregrinos, Erro",
        "origen_tipo": "Templo / Encomienda",
        "fecha_origen": 1100,
        "subcapa": "align_solar",
        "etiqueta_alineacion": "☀️ Equinoccio (Este Puro)",
        "acimut_grados": 90.0,
        "explicacion_alineacion": "Eje de orientación equinoccial exacta hacia el orto solar (Az 90.0°)."
      }
    },
    {
      "type": "Feature",
      "geometry": {
        "type": "LineString",
        "coordinates": [
          [
            -1.6444,
            42.8181
          ],
          [
            -1.4710055749145778,
            42.88552222879183
          ]
        ]
      },
      "properties": {
        "origen_nombre": "Iglesia de San Saturnino, Pamplona",
        "origen_tipo": "Templo / Encomienda",
        "fecha_origen": 1297,
        "subcapa": "align_solar",
        "etiqueta_alineacion": "☀️ Solsticio de Verano",
        "acimut_grados": 62.0,
        "explicacion_alineacion": "Eje orientado a la salida del Sol en el Solsticio de Verano en el año 1297 (Az 62.0°)."
      }
    },
    {
      "type": "Feature",
      "geometry": {
        "type": "LineString",
        "coordinates": [
          [
            -1.6456,
            42.82
          ],
          [
            -1.4725787151258332,
            42.752316721698186
          ]
        ]
      },
      "properties": {
        "origen_nombre": "Catedral de Pamplona (Santa María)",
        "origen_tipo": "Templo / Encomienda",
        "fecha_origen": 1100,
        "subcapa": "align_solar",
        "etiqueta_alineacion": "☀️ Solsticio de Invierno",
        "acimut_grados": 118.0,
        "explicacion_alineacion": "Eje orientado a la salida del Sol en el Solsticio de Invierno en el año 1100 (Az 118.0°)."
      }
    },
    {
      "type": "Feature",
      "geometry": {
        "type": "LineString",
        "coordinates": [
          [
            -1.6497,
            42.8189
          ],
          [
            -1.503690292049912,
            42.91508951478315
          ]
        ]
      },
      "properties": {
        "origen_nombre": "Hospital de Nuestra Señora de la Misericordia, Pamplona",
        "origen_tipo": "Templo / Encomienda",
        "fecha_origen": 1147,
        "subcapa": "align_stellar",
        "etiqueta_alineacion": "⭐ Puntería a Arturo (Boötes)",
        "acimut_grados": 48.0,
        "explicacion_alineacion": "Eje astronómico proyectado exactamente hacia la salida de Arturo (Boötes) en el año 1147 (Az 48.0°)."
      }
    },
    {
      "type": "Feature",
      "geometry": {
        "type": "LineString",
        "coordinates": [
          [
            -1.6833,
            42.8167
          ],
          [
            -1.4871378187378044,
            42.81653258813499
          ]
        ]
      },
      "properties": {
        "origen_nombre": "Ermita de San Quirico, Pamplona",
        "origen_tipo": "Templo / Encomienda",
        "fecha_origen": 1050,
        "subcapa": "align_solar",
        "etiqueta_alineacion": "☀️ Equinoccio (Este Puro)",
        "acimut_grados": 90.0,
        "explicacion_alineacion": "Eje de orientación equinoccial exacta hacia el orto solar (Az 90.0°)."
      }
    },
    {
      "type": "Feature",
      "geometry": {
        "type": "LineString",
        "coordinates": [
          [
            -1.7833,
            42.75
          ],
          [
            -1.6100966561079244,
            42.817422540295254
          ]
        ]
      },
      "properties": {
        "origen_nombre": "Ermita de la Virgen del Perdón",
        "origen_tipo": "Templo / Encomienda",
        "fecha_origen": 1180,
        "subcapa": "align_solar",
        "etiqueta_alineacion": "☀️ Solsticio de Verano",
        "acimut_grados": 62.0,
        "explicacion_alineacion": "Eje orientado a la salida del Sol en el Solsticio de Verano en el año 1180 (Az 62.0°)."
      }
    },
    {
      "type": "Feature",
      "geometry": {
        "type": "LineString",
        "coordinates": [
          [
            -1.8133,
            42.6681
          ],
          [
            -1.6407011302403987,
            42.60041741260449
          ]
        ]
      },
      "properties": {
        "origen_nombre": "Puente la Reina (Puente románico)",
        "origen_tipo": "Templo / Encomienda",
        "fecha_origen": 1100,
        "subcapa": "align_solar",
        "etiqueta_alineacion": "☀️ Solsticio de Invierno",
        "acimut_grados": 118.0,
        "explicacion_alineacion": "Eje orientado a la salida del Sol en el Solsticio de Invierno en el año 1100 (Az 118.0°)."
      }
    },
    {
      "type": "Feature",
      "geometry": {
        "type": "LineString",
        "coordinates": [
          [
            -1.8136,
            42.6681
          ],
          [
            -1.6679462098897375,
            42.764290003243
          ]
        ]
      },
      "properties": {
        "origen_nombre": "Iglesia de Santiago, Puente la Reina",
        "origen_tipo": "Templo / Encomienda",
        "fecha_origen": 1120,
        "subcapa": "align_stellar",
        "etiqueta_alineacion": "⭐ Puntería a Arturo (Boötes)",
        "acimut_grados": 48.0,
        "explicacion_alineacion": "Eje astronómico proyectado exactamente hacia la salida de Arturo (Boötes) en el año 1120 (Az 48.0°)."
      }
    },
    {
      "type": "Feature",
      "geometry": {
        "type": "LineString",
        "coordinates": [
          [
            -1.7875,
            42.6761
          ],
          [
            -1.5917822282002227,
            42.67593341029196
          ]
        ]
      },
      "properties": {
        "origen_nombre": "Ermita de Eunate (Octogonal)",
        "origen_tipo": "Templo / Encomienda",
        "fecha_origen": 1175,
        "subcapa": "align_solar",
        "etiqueta_alineacion": "☀️ Equinoccio (Este Puro)",
        "acimut_grados": 90.0,
        "explicacion_alineacion": "Eje de orientación equinoccial exacta hacia el orto solar (Az 90.0°)."
      }
    },
    {
      "type": "Feature",
      "geometry": {
        "type": "LineString",
        "coordinates": [
          [
            -2.0314,
            42.6719
          ],
          [
            -1.8584149779500643,
            42.73932289669721
          ]
        ]
      },
      "properties": {
        "origen_nombre": "Iglesia del Santo Sepulcro, Estella",
        "origen_tipo": "Templo / Encomienda",
        "fecha_origen": 1174,
        "subcapa": "align_solar",
        "etiqueta_alineacion": "☀️ Solsticio de Verano",
        "acimut_grados": 62.0,
        "explicacion_alineacion": "Eje orientado a la salida del Sol en el Solsticio de Verano en el año 1174 (Az 62.0°)."
      }
    },
    {
      "type": "Feature",
      "geometry": {
        "type": "LineString",
        "coordinates": [
          [
            -2.1956,
            42.5728
          ],
          [
            -2.0232644792017287,
            42.50511784435202
          ]
        ]
      },
      "properties": {
        "origen_nombre": "Castillo de Torres del Río (Templar)",
        "origen_tipo": "Templo / Encomienda",
        "fecha_origen": 1160,
        "subcapa": "align_solar",
        "etiqueta_alineacion": "☀️ Solsticio de Invierno",
        "acimut_grados": 118.0,
        "explicacion_alineacion": "Eje orientado a la salida del Sol en el Solsticio de Invierno en el año 1160 (Az 118.0°)."
      }
    },
    {
      "type": "Feature",
      "geometry": {
        "type": "LineString",
        "coordinates": [
          [
            -2.1953,
            42.5728
          ],
          [
            -2.049869724796888,
            42.668990310706675
          ]
        ]
      },
      "properties": {
        "origen_nombre": "Iglesia del Santo Sepulcro, Torres del Río",
        "origen_tipo": "Templo / Encomienda",
        "fecha_origen": 1200,
        "subcapa": "align_stellar",
        "etiqueta_alineacion": "⭐ Puntería a Arturo (Boötes)",
        "acimut_grados": 48.0,
        "explicacion_alineacion": "Eje astronómico proyectado exactamente hacia la salida de Arturo (Boötes) en el año 1200 (Az 48.0°)."
      }
    },
    {
      "type": "Feature",
      "geometry": {
        "type": "LineString",
        "coordinates": [
          [
            -2.445,
            42.4667
          ],
          [
            -2.249938210152892,
            42.46653462788596
          ]
        ]
      },
      "properties": {
        "origen_nombre": "Catedral de Logroño (Santa María de la Redonda)",
        "origen_tipo": "Templo / Encomienda",
        "fecha_origen": 1119,
        "subcapa": "align_solar",
        "etiqueta_alineacion": "☀️ Equinoccio (Este Puro)",
        "acimut_grados": 90.0,
        "explicacion_alineacion": "Eje de orientación equinoccial exacta hacia el orto solar (Az 90.0°)."
      }
    },
    {
      "type": "Feature",
      "geometry": {
        "type": "LineString",
        "coordinates": [
          [
            -2.4467,
            42.4661
          ],
          [
            -2.2742861166493284,
            42.53352383156368
          ]
        ]
      },
      "properties": {
        "origen_nombre": "Iglesia de Santiago el Real, Logroño",
        "origen_tipo": "Templo / Encomienda",
        "fecha_origen": 1150,
        "subcapa": "align_solar",
        "etiqueta_alineacion": "☀️ Solsticio de Verano",
        "acimut_grados": 62.0,
        "explicacion_alineacion": "Eje orientado a la salida del Sol en el Solsticio de Verano en el año 1150 (Az 62.0°)."
      }
    },
    {
      "type": "Feature",
      "geometry": {
        "type": "LineString",
        "coordinates": [
          [
            -2.4444,
            42.4664
          ],
          [
            -2.272356992255057,
            42.39871832483457
          ]
        ]
      },
      "properties": {
        "origen_nombre": "Hospital de Peregrinos de Logroño",
        "origen_tipo": "Templo / Encomienda",
        "fecha_origen": 1100,
        "subcapa": "align_solar",
        "etiqueta_alineacion": "☀️ Solsticio de Invierno",
        "acimut_grados": 118.0,
        "explicacion_alineacion": "Eje orientado a la salida del Sol en el Solsticio de Invierno en el año 1100 (Az 118.0°)."
      }
    },
    {
      "type": "Feature",
      "geometry": {
        "type": "LineString",
        "coordinates": [
          [
            -2.1917,
            42.5706
          ],
          [
            -2.046274871788253,
            42.66679031779333
          ]
        ]
      },
      "properties": {
        "origen_nombre": "Iglesia de Santa María de los Arcos",
        "origen_tipo": "Templo / Encomienda",
        "fecha_origen": 1175,
        "subcapa": "align_stellar",
        "etiqueta_alineacion": "⭐ Puntería a Arturo (Boötes)",
        "acimut_grados": 48.0,
        "explicacion_alineacion": "Eje astronómico proyectado exactamente hacia la salida de Arturo (Boötes) en el año 1175 (Az 48.0°)."
      }
    },
    {
      "type": "Feature",
      "geometry": {
        "type": "LineString",
        "coordinates": [
          [
            -2.8644,
            42.3233
          ],
          [
            -2.6697834090328065,
            42.32313545702065
          ]
        ]
      },
      "properties": {
        "origen_nombre": "Monasterio de San Millán de la Cogolla (Suso)",
        "origen_tipo": "Templo / Encomienda",
        "fecha_origen": 537,
        "subcapa": "align_solar",
        "etiqueta_alineacion": "☀️ Equinoccio (Este Puro)",
        "acimut_grados": 90.0,
        "explicacion_alineacion": "Eje de orientación equinoccial exacta hacia el orto solar (Az 90.0°)."
      }
    },
    {
      "type": "Feature",
      "geometry": {
        "type": "LineString",
        "coordinates": [
          [
            -2.8681,
            42.3197
          ],
          [
            -2.696088770162753,
            42.38712449285687
          ]
        ]
      },
      "properties": {
        "origen_nombre": "Monasterio de San Millán de la Cogolla (Yuso)",
        "origen_tipo": "Templo / Encomienda",
        "fecha_origen": 1053,
        "subcapa": "align_solar",
        "etiqueta_alineacion": "☀️ Solsticio de Verano",
        "acimut_grados": 62.0,
        "explicacion_alineacion": "Eje orientado a la salida del Sol en el Solsticio de Verano en el año 1053 (Az 62.0°)."
      }
    },
    {
      "type": "Feature",
      "geometry": {
        "type": "LineString",
        "coordinates": [
          [
            -2.7333,
            42.4167
          ],
          [
            -2.5613930837591568,
            42.34901854871243
          ]
        ]
      },
      "properties": {
        "origen_nombre": "Hospital de Peregrinos de Nájera",
        "origen_tipo": "Templo / Encomienda",
        "fecha_origen": 1052,
        "subcapa": "align_solar",
        "etiqueta_alineacion": "☀️ Solsticio de Invierno",
        "acimut_grados": 118.0,
        "explicacion_alineacion": "Eje orientado a la salida del Sol en el Solsticio de Invierno en el año 1052 (Az 118.0°)."
      }
    },
    {
      "type": "Feature",
      "geometry": {
        "type": "LineString",
        "coordinates": [
          [
            -2.7303,
            42.4186
          ],
          [
            -2.5852290850863247,
            42.514790806206534
          ]
        ]
      },
      "properties": {
        "origen_nombre": "Monasterio de Santa María la Real, Nájera",
        "origen_tipo": "Templo / Encomienda",
        "fecha_origen": 1052,
        "subcapa": "align_stellar",
        "etiqueta_alineacion": "⭐ Puntería a Arturo (Boötes)",
        "acimut_grados": 48.0,
        "explicacion_alineacion": "Eje astronómico proyectado exactamente hacia la salida de Arturo (Boötes) en el año 1052 (Az 48.0°)."
      }
    },
    {
      "type": "Feature",
      "geometry": {
        "type": "LineString",
        "coordinates": [
          [
            -3.0833,
            42.3833
          ],
          [
            -2.888497529296578,
            42.38313511056327
          ]
        ]
      },
      "properties": {
        "origen_nombre": "Ermita de San Felices de Oca",
        "origen_tipo": "Templo / Encomienda",
        "fecha_origen": 1050,
        "subcapa": "align_solar",
        "etiqueta_alineacion": "☀️ Equinoccio (Este Puro)",
        "acimut_grados": 90.0,
        "explicacion_alineacion": "Eje de orientación equinoccial exacta hacia el orto solar (Az 90.0°)."
      }
    },
    {
      "type": "Feature",
      "geometry": {
        "type": "LineString",
        "coordinates": [
          [
            -3.7231,
            42.3361
          ],
          [
            -3.551043813568337,
            42.40352441893119
          ]
        ]
      },
      "properties": {
        "origen_nombre": "Monasterio de Las Huelgas, Burgos",
        "origen_tipo": "Templo / Encomienda",
        "fecha_origen": 1187,
        "subcapa": "align_solar",
        "etiqueta_alineacion": "☀️ Solsticio de Verano",
        "acimut_grados": 62.0,
        "explicacion_alineacion": "Eje orientado a la salida del Sol en el Solsticio de Verano en el año 1187 (Az 62.0°)."
      }
    },
    {
      "type": "Feature",
      "geometry": {
        "type": "LineString",
        "coordinates": [
          [
            -3.7194,
            42.3356
          ],
          [
            -3.5477144178207793,
            42.26791891327517
          ]
        ]
      },
      "properties": {
        "origen_nombre": "Hospital del Rey, Burgos",
        "origen_tipo": "Templo / Encomienda",
        "fecha_origen": 1195,
        "subcapa": "align_solar",
        "etiqueta_alineacion": "☀️ Solsticio de Invierno",
        "acimut_grados": 118.0,
        "explicacion_alineacion": "Eje orientado a la salida del Sol en el Solsticio de Invierno en el año 1195 (Az 118.0°)."
      }
    },
    {
      "type": "Feature",
      "geometry": {
        "type": "LineString",
        "coordinates": [
          [
            -3.65,
            42.3333
          ],
          [
            -3.505126663282992,
            42.42949107925655
          ]
        ]
      },
      "properties": {
        "origen_nombre": "Ermita de San Nicolás de Puente Fitero",
        "origen_tipo": "Templo / Encomienda",
        "fecha_origen": 1188,
        "subcapa": "align_stellar",
        "etiqueta_alineacion": "⭐ Puntería a Arturo (Boötes)",
        "acimut_grados": 48.0,
        "explicacion_alineacion": "Eje astronómico proyectado exactamente hacia la salida de Arturo (Boötes) en el año 1188 (Az 48.0°)."
      }
    },
    {
      "type": "Feature",
      "geometry": {
        "type": "LineString",
        "coordinates": [
          [
            -3.7003,
            42.345
          ],
          [
            -3.5056162481312607,
            42.34483533179491
          ]
        ]
      },
      "properties": {
        "origen_nombre": "Castillo de Burgos (Templar)",
        "origen_tipo": "Templo / Encomienda",
        "fecha_origen": 884,
        "subcapa": "align_solar",
        "etiqueta_alineacion": "☀️ Equinoccio (Este Puro)",
        "acimut_grados": 90.0,
        "explicacion_alineacion": "Eje de orientación equinoccial exacta hacia el orto solar (Az 90.0°)."
      }
    },
    {
      "type": "Feature",
      "geometry": {
        "type": "LineString",
        "coordinates": [
          [
            -3.4167,
            42.3833
          ],
          [
            -3.2445142162839624,
            42.45072420595358
          ]
        ]
      },
      "properties": {
        "origen_nombre": "Iglesia de San Juan, Ortega",
        "origen_tipo": "Templo / Encomienda",
        "fecha_origen": 1138,
        "subcapa": "align_solar",
        "etiqueta_alineacion": "☀️ Solsticio de Verano",
        "acimut_grados": 62.0,
        "explicacion_alineacion": "Eje orientado a la salida del Sol en el Solsticio de Verano en el año 1138 (Az 62.0°)."
      }
    },
    {
      "type": "Feature",
      "geometry": {
        "type": "LineString",
        "coordinates": [
          [
            -3.4167,
            42.3833
          ],
          [
            -3.244884348142907,
            42.31561869896672
          ]
        ]
      },
      "properties": {
        "origen_nombre": "Hospital de San Juan de Ortega",
        "origen_tipo": "Templo / Encomienda",
        "fecha_origen": 1138,
        "subcapa": "align_solar",
        "etiqueta_alineacion": "☀️ Solsticio de Invierno",
        "acimut_grados": 118.0,
        "explicacion_alineacion": "Eje orientado a la salida del Sol en el Solsticio de Invierno en el año 1138 (Az 118.0°)."
      }
    },
    {
      "type": "Feature",
      "geometry": {
        "type": "LineString",
        "coordinates": [
          [
            -3.5167,
            42.3667
          ],
          [
            -3.3717494021301455,
            42.46289097242994
          ]
        ]
      },
      "properties": {
        "origen_nombre": "Ermita de Ages",
        "origen_tipo": "Templo / Encomienda",
        "fecha_origen": 1100,
        "subcapa": "align_stellar",
        "etiqueta_alineacion": "⭐ Puntería a Arturo (Boötes)",
        "acimut_grados": 48.0,
        "explicacion_alineacion": "Eje astronómico proyectado exactamente hacia la salida de Arturo (Boötes) en el año 1100 (Az 48.0°)."
      }
    },
    {
      "type": "Feature",
      "geometry": {
        "type": "LineString",
        "coordinates": [
          [
            -3.1,
            42.3833
          ],
          [
            -2.905197529296578,
            42.38313511056327
          ]
        ]
      },
      "properties": {
        "origen_nombre": "Ermita de San Miguel de Pedroso",
        "origen_tipo": "Templo / Encomienda",
        "fecha_origen": 759,
        "subcapa": "align_solar",
        "etiqueta_alineacion": "☀️ Equinoccio (Este Puro)",
        "acimut_grados": 90.0,
        "explicacion_alineacion": "Eje de orientación equinoccial exacta hacia el orto solar (Az 90.0°)."
      }
    },
    {
      "type": "Feature",
      "geometry": {
        "type": "LineString",
        "coordinates": [
          [
            -6.5933,
            42.5469
          ],
          [
            -6.420662595263597,
            42.61432346525875
          ]
        ]
      },
      "properties": {
        "origen_nombre": "Basílica de Nuestra Señora de la Encina, Ponferrada",
        "origen_tipo": "Templo / Encomienda",
        "fecha_origen": 1200,
        "subcapa": "align_solar",
        "etiqueta_alineacion": "☀️ Solsticio de Verano",
        "acimut_grados": 62.0,
        "explicacion_alineacion": "Eje orientado a la salida del Sol en el Solsticio de Verano en el año 1200 (Az 62.0°)."
      }
    },
    {
      "type": "Feature",
      "geometry": {
        "type": "LineString",
        "coordinates": [
          [
            -6.5925,
            42.5461
          ],
          [
            -6.420238031675242,
            42.47841796507777
          ]
        ]
      },
      "properties": {
        "origen_nombre": "Hospital de Peregrinos, Ponferrada",
        "origen_tipo": "Templo / Encomienda",
        "fecha_origen": 1180,
        "subcapa": "align_solar",
        "etiqueta_alineacion": "☀️ Solsticio de Invierno",
        "acimut_grados": 118.0,
        "explicacion_alineacion": "Eje orientado a la salida del Sol en el Solsticio de Invierno en el año 1180 (Az 118.0°)."
      }
    },
    {
      "type": "Feature",
      "geometry": {
        "type": "LineString",
        "coordinates": [
          [
            -6.81,
            42.6078
          ],
          [
            -6.664487762944684,
            42.703990197896864
          ]
        ]
      },
      "properties": {
        "origen_nombre": "Iglesia de Santiago, Villafranca del Bierzo",
        "origen_tipo": "Templo / Encomienda",
        "fecha_origen": 1070,
        "subcapa": "align_stellar",
        "etiqueta_alineacion": "⭐ Puntería a Arturo (Boötes)",
        "acimut_grados": 48.0,
        "explicacion_alineacion": "Eje astronómico proyectado exactamente hacia la salida de Arturo (Boötes) en el año 1070 (Az 48.0°)."
      }
    },
    {
      "type": "Feature",
      "geometry": {
        "type": "LineString",
        "coordinates": [
          [
            -6.8,
            42.5667
          ],
          [
            -6.604625817698866,
            42.56653404743774
          ]
        ]
      },
      "properties": {
        "origen_nombre": "Castillo de Corullón",
        "origen_tipo": "Templo / Encomienda",
        "fecha_origen": 1100,
        "subcapa": "align_solar",
        "etiqueta_alineacion": "☀️ Equinoccio (Este Puro)",
        "acimut_grados": 90.0,
        "explicacion_alineacion": "Eje de orientación equinoccial exacta hacia el orto solar (Az 90.0°)."
      }
    },
    {
      "type": "Feature",
      "geometry": {
        "type": "LineString",
        "coordinates": [
          [
            -6.7833,
            42.5
          ],
          [
            -6.610792449542859,
            42.56742367799438
          ]
        ]
      },
      "properties": {
        "origen_nombre": "Iglesia de San Fructuoso, Bierzo",
        "origen_tipo": "Templo / Encomienda",
        "fecha_origen": 895,
        "subcapa": "align_solar",
        "etiqueta_alineacion": "☀️ Solsticio de Verano",
        "acimut_grados": 62.0,
        "explicacion_alineacion": "Eje orientado a la salida del Sol en el Solsticio de Verano en el año 895 (Az 62.0°)."
      }
    },
    {
      "type": "Feature",
      "geometry": {
        "type": "LineString",
        "coordinates": [
          [
            -7.0355,
            42.7095
          ],
          [
            -6.862786326860267,
            42.64181722463413
          ]
        ]
      },
      "properties": {
        "origen_nombre": "Santa María Real de O Cebreiro",
        "origen_tipo": "Templo / Encomienda",
        "fecha_origen": 836,
        "subcapa": "align_solar",
        "etiqueta_alineacion": "☀️ Solsticio de Invierno",
        "acimut_grados": 118.0,
        "explicacion_alineacion": "Eje orientado a la salida del Sol en el Solsticio de Invierno en el año 836 (Az 118.0°)."
      }
    },
    {
      "type": "Feature",
      "geometry": {
        "type": "LineString",
        "coordinates": [
          [
            -7.0347,
            42.7092
          ],
          [
            -6.888949477935803,
            42.80538987035119
          ]
        ]
      },
      "properties": {
        "origen_nombre": "Hospital de O Cebreiro (más antiguo de España)",
        "origen_tipo": "Templo / Encomienda",
        "fecha_origen": 900,
        "subcapa": "align_stellar",
        "etiqueta_alineacion": "⭐ Puntería a Arturo (Boötes)",
        "acimut_grados": 48.0,
        "explicacion_alineacion": "Eje astronómico proyectado exactamente hacia la salida de Arturo (Boötes) en el año 900 (Az 48.0°)."
      }
    },
    {
      "type": "Feature",
      "geometry": {
        "type": "LineString",
        "coordinates": [
          [
            -7.2367,
            42.7533
          ],
          [
            -7.040738609583695,
            42.75313295932756
          ]
        ]
      },
      "properties": {
        "origen_nombre": "Iglesia de Santa María de Triacastela",
        "origen_tipo": "Templo / Encomienda",
        "fecha_origen": 1000,
        "subcapa": "align_solar",
        "etiqueta_alineacion": "☀️ Equinoccio (Este Puro)",
        "acimut_grados": 90.0,
        "explicacion_alineacion": "Eje de orientación equinoccial exacta hacia el orto solar (Az 90.0°)."
      }
    },
    {
      "type": "Feature",
      "geometry": {
        "type": "LineString",
        "coordinates": [
          [
            -7.4158,
            42.7811
          ],
          [
            -7.2425094755344634,
            42.84852239812267
          ]
        ]
      },
      "properties": {
        "origen_nombre": "Hospital de Peregrinos de Sarria",
        "origen_tipo": "Templo / Encomienda",
        "fecha_origen": 1150,
        "subcapa": "align_solar",
        "etiqueta_alineacion": "☀️ Solsticio de Verano",
        "acimut_grados": 62.0,
        "explicacion_alineacion": "Eje orientado a la salida del Sol en el Solsticio de Verano en el año 1150 (Az 62.0°)."
      }
    },
    {
      "type": "Feature",
      "geometry": {
        "type": "LineString",
        "coordinates": [
          [
            -7.415,
            42.7806
          ],
          [
            -7.242088596903427,
            42.712916901230976
          ]
        ]
      },
      "properties": {
        "origen_nombre": "Iglesia de Santa Mariña de Sarria",
        "origen_tipo": "Templo / Encomienda",
        "fecha_origen": 1250,
        "subcapa": "align_solar",
        "etiqueta_alineacion": "☀️ Solsticio de Invierno",
        "acimut_grados": 118.0,
        "explicacion_alineacion": "Eje orientado a la salida del Sol en el Solsticio de Invierno en el año 1250 (Az 118.0°)."
      }
    },
    {
      "type": "Feature",
      "geometry": {
        "type": "LineString",
        "coordinates": [
          [
            -7.4167,
            42.7667
          ],
          [
            -7.27081380544786,
            42.86288968413537
          ]
        ]
      },
      "properties": {
        "origen_nombre": "Iglesia de Santiago de Barbadelo",
        "origen_tipo": "Templo / Encomienda",
        "fecha_origen": 1088,
        "subcapa": "align_stellar",
        "etiqueta_alineacion": "⭐ Puntería a Arturo (Boötes)",
        "acimut_grados": 48.0,
        "explicacion_alineacion": "Eje astronómico proyectado exactamente hacia la salida de Arturo (Boötes) en el año 1088 (Az 48.0°)."
      }
    },
    {
      "type": "Feature",
      "geometry": {
        "type": "LineString",
        "coordinates": [
          [
            -7.6136,
            42.8083
          ],
          [
            -7.41746445939007,
            42.808132637358796
          ]
        ]
      },
      "properties": {
        "origen_nombre": "Iglesia de Santa María de Portomarín",
        "origen_tipo": "Templo / Encomienda",
        "fecha_origen": 1150,
        "subcapa": "align_solar",
        "etiqueta_alineacion": "☀️ Equinoccio (Este Puro)",
        "acimut_grados": 90.0,
        "explicacion_alineacion": "Eje de orientación equinoccial exacta hacia el orto solar (Az 90.0°)."
      }
    },
    {
      "type": "Feature",
      "geometry": {
        "type": "LineString",
        "coordinates": [
          [
            -7.8833,
            42.8167
          ],
          [
            -7.709909509873743,
            42.88412223520264
          ]
        ]
      },
      "properties": {
        "origen_nombre": "Castillo de Pambre",
        "origen_tipo": "Templo / Encomienda",
        "fecha_origen": 1375,
        "subcapa": "align_solar",
        "etiqueta_alineacion": "☀️ Solsticio de Verano",
        "acimut_grados": 62.0,
        "explicacion_alineacion": "Eje orientado a la salida del Sol en el Solsticio de Verano en el año 1375 (Az 62.0°)."
      }
    },
    {
      "type": "Feature",
      "geometry": {
        "type": "LineString",
        "coordinates": [
          [
            -7.85,
            42.7667
          ],
          [
            -7.677127309505341,
            42.6990169645143
          ]
        ]
      },
      "properties": {
        "origen_nombre": "Monasterio de Vilar de Donas",
        "origen_tipo": "Templo / Encomienda",
        "fecha_origen": 1194,
        "subcapa": "align_solar",
        "etiqueta_alineacion": "☀️ Solsticio de Invierno",
        "acimut_grados": 118.0,
        "explicacion_alineacion": "Eje orientado a la salida del Sol en el Solsticio de Invierno en el año 1194 (Az 118.0°)."
      }
    },
    {
      "type": "Feature",
      "geometry": {
        "type": "LineString",
        "coordinates": [
          [
            -8.0,
            42.7833
          ],
          [
            -7.85407456304019,
            42.879489630311134
          ]
        ]
      },
      "properties": {
        "origen_nombre": "Pazo de Bendoiro (albergue histórico)",
        "origen_tipo": "Templo / Encomienda",
        "fecha_origen": 1200,
        "subcapa": "align_stellar",
        "etiqueta_alineacion": "⭐ Puntería a Arturo (Boötes)",
        "acimut_grados": 48.0,
        "explicacion_alineacion": "Eje astronómico proyectado exactamente hacia la salida de Arturo (Boötes) en el año 1200 (Az 48.0°)."
      }
    },
    {
      "type": "Feature",
      "geometry": {
        "type": "LineString",
        "coordinates": [
          [
            -8.5447,
            42.8806
          ],
          [
            -8.348334784044274,
            42.88043221324407
          ]
        ]
      },
      "properties": {
        "origen_nombre": "Iglesia de Santiago de Compostela (Catedral)",
        "origen_tipo": "Templo / Encomienda",
        "fecha_origen": 1075,
        "subcapa": "align_solar",
        "etiqueta_alineacion": "☀️ Equinoccio (Este Puro)",
        "acimut_grados": 90.0,
        "explicacion_alineacion": "Eje de orientación equinoccial exacta hacia el orto solar (Az 90.0°)."
      }
    },
    {
      "type": "Feature",
      "geometry": {
        "type": "LineString",
        "coordinates": [
          [
            -8.5433,
            42.8806
          ],
          [
            -8.36972961929759,
            42.94802194229813
          ]
        ]
      },
      "properties": {
        "origen_nombre": "Hospital Real de Santiago (Parador)",
        "origen_tipo": "Templo / Encomienda",
        "fecha_origen": 1501,
        "subcapa": "align_solar",
        "etiqueta_alineacion": "☀️ Solsticio de Verano",
        "acimut_grados": 62.0,
        "explicacion_alineacion": "Eje orientado a la salida del Sol en el Solsticio de Verano en el año 1501 (Az 62.0°)."
      }
    },
    {
      "type": "Feature",
      "geometry": {
        "type": "LineString",
        "coordinates": [
          [
            -8.5439,
            42.8794
          ],
          [
            -8.37071263662357,
            42.811716450600066
          ]
        ]
      },
      "properties": {
        "origen_nombre": "Monasterio de San Paio de Antealtares",
        "origen_tipo": "Templo / Encomienda",
        "fecha_origen": 829,
        "subcapa": "align_solar",
        "etiqueta_alineacion": "☀️ Solsticio de Invierno",
        "acimut_grados": 118.0,
        "explicacion_alineacion": "Eje orientado a la salida del Sol en el Solsticio de Invierno en el año 829 (Az 118.0°)."
      }
    },
    {
      "type": "Feature",
      "geometry": {
        "type": "LineString",
        "coordinates": [
          [
            -8.5447,
            42.8819
          ],
          [
            -8.398540783626546,
            42.97808931001005
          ]
        ]
      },
      "properties": {
        "origen_nombre": "Monasterio de San Martín Pinario",
        "origen_tipo": "Templo / Encomienda",
        "fecha_origen": 912,
        "subcapa": "align_stellar",
        "etiqueta_alineacion": "⭐ Puntería a Arturo (Boötes)",
        "acimut_grados": 48.0,
        "explicacion_alineacion": "Eje astronómico proyectado exactamente hacia la salida de Arturo (Boötes) en el año 912 (Az 48.0°)."
      }
    },
    {
      "type": "Feature",
      "geometry": {
        "type": "LineString",
        "coordinates": [
          [
            -1.9778,
            43.3244
          ],
          [
            -1.780006158969721,
            43.324229587909905
          ]
        ]
      },
      "properties": {
        "origen_nombre": "Monasterio de San Telmo, San Sebastián",
        "origen_tipo": "Templo / Encomienda",
        "fecha_origen": 1531,
        "subcapa": "align_solar",
        "etiqueta_alineacion": "☀️ Equinoccio (Este Puro)",
        "acimut_grados": 90.0,
        "explicacion_alineacion": "Eje de orientación equinoccial exacta hacia el orto solar (Az 90.0°)."
      }
    },
    {
      "type": "Feature",
      "geometry": {
        "type": "LineString",
        "coordinates": [
          [
            -2.1667,
            43.2833
          ],
          [
            -1.9919822738859443,
            43.350720082289136
          ]
        ]
      },
      "properties": {
        "origen_nombre": "Ermita de Santiago, Zarautz",
        "origen_tipo": "Templo / Encomienda",
        "fecha_origen": 1100,
        "subcapa": "align_solar",
        "etiqueta_alineacion": "☀️ Solsticio de Verano",
        "acimut_grados": 62.0,
        "explicacion_alineacion": "Eje orientado a la salida del Sol en el Solsticio de Verano en el año 1100 (Az 62.0°)."
      }
    },
    {
      "type": "Feature",
      "geometry": {
        "type": "LineString",
        "coordinates": [
          [
            -1.7886,
            43.35
          ],
          [
            -1.6140788489414513,
            43.2823142842147
          ]
        ]
      },
      "properties": {
        "origen_nombre": "Santa María del Juncal, Irún",
        "origen_tipo": "Templo / Encomienda",
        "fecha_origen": 1150,
        "subcapa": "align_solar",
        "etiqueta_alineacion": "☀️ Solsticio de Invierno",
        "acimut_grados": 118.0,
        "explicacion_alineacion": "Eje orientado a la salida del Sol en el Solsticio de Invierno en el año 1150 (Az 118.0°)."
      }
    },
    {
      "type": "Feature",
      "geometry": {
        "type": "LineString",
        "coordinates": [
          [
            -2.55,
            43.2333
          ],
          [
            -2.4029979358300326,
            43.329488160075364
          ]
        ]
      },
      "properties": {
        "origen_nombre": "Colegiata de Cenarruza",
        "origen_tipo": "Templo / Encomienda",
        "fecha_origen": 1383,
        "subcapa": "align_stellar",
        "etiqueta_alineacion": "⭐ Puntería a Arturo (Boötes)",
        "acimut_grados": 48.0,
        "explicacion_alineacion": "Eje astronómico proyectado exactamente hacia la salida de Arturo (Boötes) en el año 1383 (Az 48.0°)."
      }
    },
    {
      "type": "Feature",
      "geometry": {
        "type": "LineString",
        "coordinates": [
          [
            -2.6667,
            43.3167
          ],
          [
            -2.4689312244062322,
            43.316529633785905
          ]
        ]
      },
      "properties": {
        "origen_nombre": "Iglesia de Santiago, Guernica",
        "origen_tipo": "Templo / Encomienda",
        "fecha_origen": 1366,
        "subcapa": "align_solar",
        "etiqueta_alineacion": "☀️ Equinoccio (Este Puro)",
        "acimut_grados": 90.0,
        "explicacion_alineacion": "Eje de orientación equinoccial exacta hacia el orto solar (Az 90.0°)."
      }
    },
    {
      "type": "Feature",
      "geometry": {
        "type": "LineString",
        "coordinates": [
          [
            -2.9253,
            43.2578
          ],
          [
            -2.7506556327479847,
            43.32522020079944
          ]
        ]
      },
      "properties": {
        "origen_nombre": "Monasterio de San Francisco, Bilbao",
        "origen_tipo": "Templo / Encomienda",
        "fecha_origen": 1357,
        "subcapa": "align_solar",
        "etiqueta_alineacion": "☀️ Solsticio de Verano",
        "acimut_grados": 62.0,
        "explicacion_alineacion": "Eje orientado a la salida del Sol en el Solsticio de Verano en el año 1357 (Az 62.0°)."
      }
    },
    {
      "type": "Feature",
      "geometry": {
        "type": "LineString",
        "coordinates": [
          [
            -2.935,
            43.2631
          ],
          [
            -2.7607275741797963,
            43.195414686765545
          ]
        ]
      },
      "properties": {
        "origen_nombre": "Iglesia de Santiago, Bilbao",
        "origen_tipo": "Templo / Encomienda",
        "fecha_origen": 1379,
        "subcapa": "align_solar",
        "etiqueta_alineacion": "☀️ Solsticio de Invierno",
        "acimut_grados": 118.0,
        "explicacion_alineacion": "Eje orientado a la salida del Sol en el Solsticio de Invierno en el año 1379 (Az 118.0°)."
      }
    },
    {
      "type": "Feature",
      "geometry": {
        "type": "LineString",
        "coordinates": [
          [
            -3.2167,
            43.1833
          ],
          [
            -3.069818793233911,
            43.279488324506524
          ]
        ]
      },
      "properties": {
        "origen_nombre": "Iglesia de San Severino, Balmaseda",
        "origen_tipo": "Templo / Encomienda",
        "fecha_origen": 1399,
        "subcapa": "align_stellar",
        "etiqueta_alineacion": "⭐ Puntería a Arturo (Boötes)",
        "acimut_grados": 48.0,
        "explicacion_alineacion": "Eje astronómico proyectado exactamente hacia la salida de Arturo (Boötes) en el año 1399 (Az 48.0°)."
      }
    },
    {
      "type": "Feature",
      "geometry": {
        "type": "LineString",
        "coordinates": [
          [
            -3.8069,
            43.4628
          ],
          [
            -3.6086539347792344,
            43.46262876134433
          ]
        ]
      },
      "properties": {
        "origen_nombre": "Catedral de Santander",
        "origen_tipo": "Templo / Encomienda",
        "fecha_origen": 1230,
        "subcapa": "align_solar",
        "etiqueta_alineacion": "☀️ Equinoccio (Este Puro)",
        "acimut_grados": 90.0,
        "explicacion_alineacion": "Eje de orientación equinoccial exacta hacia el orto solar (Az 90.0°)."
      }
    },
    {
      "type": "Feature",
      "geometry": {
        "type": "LineString",
        "coordinates": [
          [
            -3.8064,
            43.4622
          ],
          [
            -3.631164895131676,
            43.529619248047005
          ]
        ]
      },
      "properties": {
        "origen_nombre": "Hospital de Peregrinos de Santander",
        "origen_tipo": "Templo / Encomienda",
        "fecha_origen": 1200,
        "subcapa": "align_solar",
        "etiqueta_alineacion": "☀️ Solsticio de Verano",
        "acimut_grados": 62.0,
        "explicacion_alineacion": "Eje orientado a la salida del Sol en el Solsticio de Verano en el año 1200 (Az 62.0°)."
      }
    },
    {
      "type": "Feature",
      "geometry": {
        "type": "LineString",
        "coordinates": [
          [
            -4.0997,
            43.3917
          ],
          [
            -3.9250591001412967,
            43.324014090637384
          ]
        ]
      },
      "properties": {
        "origen_nombre": "Colegiata de Santillana del Mar",
        "origen_tipo": "Templo / Encomienda",
        "fecha_origen": 1028,
        "subcapa": "align_solar",
        "etiqueta_alineacion": "☀️ Solsticio de Invierno",
        "acimut_grados": 118.0,
        "explicacion_alineacion": "Eje orientado a la salida del Sol en el Solsticio de Invierno en el año 1028 (Az 118.0°)."
      }
    },
    {
      "type": "Feature",
      "geometry": {
        "type": "LineString",
        "coordinates": [
          [
            -3.8667,
            43.4
          ],
          [
            -3.7192927436302705,
            43.49618760989919
          ]
        ]
      },
      "properties": {
        "origen_nombre": "Ermita de San Juan de Socueva",
        "origen_tipo": "Templo / Encomienda",
        "fecha_origen": 900,
        "subcapa": "align_stellar",
        "etiqueta_alineacion": "⭐ Puntería a Arturo (Boötes)",
        "acimut_grados": 48.0,
        "explicacion_alineacion": "Eje astronómico proyectado exactamente hacia la salida de Arturo (Boötes) en el año 900 (Az 48.0°)."
      }
    },
    {
      "type": "Feature",
      "geometry": {
        "type": "LineString",
        "coordinates": [
          [
            -4.1003,
            43.3919
          ],
          [
            -3.902286004007733,
            43.39172918525162
          ]
        ]
      },
      "properties": {
        "origen_nombre": "Iglesia de Santa Juliana, Santillana",
        "origen_tipo": "Templo / Encomienda",
        "fecha_origen": 1094,
        "subcapa": "align_solar",
        "etiqueta_alineacion": "☀️ Equinoccio (Este Puro)",
        "acimut_grados": 90.0,
        "explicacion_alineacion": "Eje de orientación equinoccial exacta hacia el orto solar (Az 90.0°)."
      }
    },
    {
      "type": "Feature",
      "geometry": {
        "type": "LineString",
        "coordinates": [
          [
            -4.6667,
            43.25
          ],
          [
            -4.49207805272093,
            43.31742023702978
          ]
        ]
      },
      "properties": {
        "origen_nombre": "Monasterio de Sant Illán",
        "origen_tipo": "Templo / Encomienda",
        "fecha_origen": 789,
        "subcapa": "align_solar",
        "etiqueta_alineacion": "☀️ Solsticio de Verano",
        "acimut_grados": 62.0,
        "explicacion_alineacion": "Eje orientado a la salida del Sol en el Solsticio de Verano en el año 789 (Az 62.0°)."
      }
    },
    {
      "type": "Feature",
      "geometry": {
        "type": "LineString",
        "coordinates": [
          [
            -4.75,
            43.4208
          ],
          [
            -4.575275382174652,
            43.35311395539356
          ]
        ]
      },
      "properties": {
        "origen_nombre": "Ermita de Nuestra Señora de la Guía, Llanes",
        "origen_tipo": "Templo / Encomienda",
        "fecha_origen": 1100,
        "subcapa": "align_solar",
        "etiqueta_alineacion": "☀️ Solsticio de Invierno",
        "acimut_grados": 118.0,
        "explicacion_alineacion": "Eje orientado a la salida del Sol en el Solsticio de Invierno en el año 1100 (Az 118.0°)."
      }
    },
    {
      "type": "Feature",
      "geometry": {
        "type": "LineString",
        "coordinates": [
          [
            -5.0611,
            43.4619
          ],
          [
            -4.913541397513216,
            43.55808740483091
          ]
        ]
      },
      "properties": {
        "origen_nombre": "Capilla de San Pedro, Ribadesella",
        "origen_tipo": "Templo / Encomienda",
        "fecha_origen": 1150,
        "subcapa": "align_stellar",
        "etiqueta_alineacion": "⭐ Puntería a Arturo (Boötes)",
        "acimut_grados": 48.0,
        "explicacion_alineacion": "Eje astronómico proyectado exactamente hacia la salida de Arturo (Boötes) en el año 1150 (Az 48.0°)."
      }
    },
    {
      "type": "Feature",
      "geometry": {
        "type": "LineString",
        "coordinates": [
          [
            -5.8447,
            43.3625
          ],
          [
            -5.64678198770597,
            43.3623293607418
          ]
        ]
      },
      "properties": {
        "origen_nombre": "Catedral de Oviedo",
        "origen_tipo": "Templo / Encomienda",
        "fecha_origen": 802,
        "subcapa": "align_solar",
        "etiqueta_alineacion": "☀️ Equinoccio (Este Puro)",
        "acimut_grados": 90.0,
        "explicacion_alineacion": "Eje de orientación equinoccial exacta hacia el orto solar (Az 90.0°)."
      }
    },
    {
      "type": "Feature",
      "geometry": {
        "type": "LineString",
        "coordinates": [
          [
            -5.8342,
            43.365
          ],
          [
            -5.659246588629254,
            43.43241970191961
          ]
        ]
      },
      "properties": {
        "origen_nombre": "San Julián de los Prados, Oviedo",
        "origen_tipo": "Templo / Encomienda",
        "fecha_origen": 830,
        "subcapa": "align_solar",
        "etiqueta_alineacion": "☀️ Solsticio de Verano",
        "acimut_grados": 62.0,
        "explicacion_alineacion": "Eje orientado a la salida del Sol en el Solsticio de Verano en el año 830 (Az 62.0°)."
      }
    },
    {
      "type": "Feature",
      "geometry": {
        "type": "LineString",
        "coordinates": [
          [
            -5.8628,
            43.3747
          ],
          [
            -5.688207949598928,
            43.307014169585855
          ]
        ]
      },
      "properties": {
        "origen_nombre": "Santa María del Naranco, Oviedo",
        "origen_tipo": "Templo / Encomienda",
        "fecha_origen": 848,
        "subcapa": "align_solar",
        "etiqueta_alineacion": "☀️ Solsticio de Invierno",
        "acimut_grados": 118.0,
        "explicacion_alineacion": "Eje orientado a la salida del Sol en el Solsticio de Invierno en el año 848 (Az 118.0°)."
      }
    },
    {
      "type": "Feature",
      "geometry": {
        "type": "LineString",
        "coordinates": [
          [
            -6.1333,
            43.55
          ],
          [
            -5.985525157594047,
            43.64618711223701
          ]
        ]
      },
      "properties": {
        "origen_nombre": "Ermita de San Roque, Muros de Nalón",
        "origen_tipo": "Templo / Encomienda",
        "fecha_origen": 1200,
        "subcapa": "align_stellar",
        "etiqueta_alineacion": "⭐ Puntería a Arturo (Boötes)",
        "acimut_grados": 48.0,
        "explicacion_alineacion": "Eje astronómico proyectado exactamente hacia la salida de Arturo (Boötes) en el año 1200 (Az 48.0°)."
      }
    },
    {
      "type": "Feature",
      "geometry": {
        "type": "LineString",
        "coordinates": [
          [
            -6.1333,
            43.3667
          ],
          [
            -5.935368284636892,
            43.3665293356822
          ]
        ]
      },
      "properties": {
        "origen_nombre": "Monasterio de Cornellana",
        "origen_tipo": "Templo / Encomienda",
        "fecha_origen": 1024,
        "subcapa": "align_solar",
        "etiqueta_alineacion": "☀️ Equinoccio (Este Puro)",
        "acimut_grados": 90.0,
        "explicacion_alineacion": "Eje de orientación equinoccial exacta hacia el orto solar (Az 90.0°)."
      }
    },
    {
      "type": "Feature",
      "geometry": {
        "type": "LineString",
        "coordinates": [
          [
            -6.4272,
            43.3308
          ],
          [
            -6.252345368171907,
            43.39821986126888
          ]
        ]
      },
      "properties": {
        "origen_nombre": "Iglesia de Santiago de Tineo",
        "origen_tipo": "Templo / Encomienda",
        "fecha_origen": 1100,
        "subcapa": "align_solar",
        "etiqueta_alineacion": "☀️ Solsticio de Verano",
        "acimut_grados": 62.0,
        "explicacion_alineacion": "Eje orientado a la salida del Sol en el Solsticio de Verano en el año 1100 (Az 62.0°)."
      }
    },
    {
      "type": "Feature",
      "geometry": {
        "type": "LineString",
        "coordinates": [
          [
            -6.8833,
            43.2167
          ],
          [
            -6.7091599262908534,
            43.14901490123713
          ]
        ]
      },
      "properties": {
        "origen_nombre": "Ermita de San Roque de Grandas de Salime",
        "origen_tipo": "Templo / Encomienda",
        "fecha_origen": 1050,
        "subcapa": "align_solar",
        "etiqueta_alineacion": "☀️ Solsticio de Invierno",
        "acimut_grados": 118.0,
        "explicacion_alineacion": "Eje orientado a la salida del Sol en el Solsticio de Invierno en el año 1050 (Az 118.0°)."
      }
    },
    {
      "type": "Feature",
      "geometry": {
        "type": "LineString",
        "coordinates": [
          [
            -7.5667,
            42.9667
          ],
          [
            -7.420338776692586,
            43.06288903371543
          ]
        ]
      },
      "properties": {
        "origen_nombre": "Santa Eulalia de Boveda, Lugo",
        "origen_tipo": "Templo / Encomienda",
        "fecha_origen": 400,
        "subcapa": "align_stellar",
        "etiqueta_alineacion": "⭐ Puntería a Arturo (Boötes)",
        "acimut_grados": 48.0,
        "explicacion_alineacion": "Eje astronómico proyectado exactamente hacia la salida de Arturo (Boötes) en el año 400 (Az 48.0°)."
      }
    },
    {
      "type": "Feature",
      "geometry": {
        "type": "LineString",
        "coordinates": [
          [
            -7.5558,
            43.0103
          ],
          [
            -7.3590206287151,
            43.010131449921595
          ]
        ]
      },
      "properties": {
        "origen_nombre": "Catedral de Lugo",
        "origen_tipo": "Templo / Encomienda",
        "fecha_origen": 1129,
        "subcapa": "align_solar",
        "etiqueta_alineacion": "☀️ Equinoccio (Este Puro)",
        "acimut_grados": 90.0,
        "explicacion_alineacion": "Eje de orientación equinoccial exacta hacia el orto solar (Az 90.0°)."
      }
    },
    {
      "type": "Feature",
      "geometry": {
        "type": "LineString",
        "coordinates": [
          [
            -7.9333,
            43.1333
          ],
          [
            -7.75901241882426,
            43.20072077798364
          ]
        ]
      },
      "properties": {
        "origen_nombre": "Ermita de San Marcos de Brañas",
        "origen_tipo": "Templo / Encomienda",
        "fecha_origen": 1180,
        "subcapa": "align_solar",
        "etiqueta_alineacion": "☀️ Solsticio de Verano",
        "acimut_grados": 62.0,
        "explicacion_alineacion": "Eje orientado a la salida del Sol en el Solsticio de Verano en el año 1180 (Az 62.0°)."
      }
    },
    {
      "type": "Feature",
      "geometry": {
        "type": "LineString",
        "coordinates": [
          [
            -5.9925,
            37.3861
          ],
          [
            -5.832746328310716,
            37.31843956375586
          ]
        ]
      },
      "properties": {
        "origen_nombre": "Catedral de Sevilla",
        "origen_tipo": "Templo / Encomienda",
        "fecha_origen": 1401,
        "subcapa": "align_solar",
        "etiqueta_alineacion": "☀️ Solsticio de Invierno",
        "acimut_grados": 118.0,
        "explicacion_alineacion": "Eje orientado a la salida del Sol en el Solsticio de Invierno en el año 1401 (Az 118.0°)."
      }
    },
    {
      "type": "Feature",
      "geometry": {
        "type": "LineString",
        "coordinates": [
          [
            -5.9922,
            37.3892
          ],
          [
            -5.857441274094618,
            37.48540576236586
          ]
        ]
      },
      "properties": {
        "origen_nombre": "Iglesia de San Salvador, Sevilla",
        "origen_tipo": "Templo / Encomienda",
        "fecha_origen": 1712,
        "subcapa": "align_stellar",
        "etiqueta_alineacion": "⭐ Puntería a Arturo (Boötes)",
        "acimut_grados": 48.0,
        "explicacion_alineacion": "Eje astronómico proyectado exactamente hacia la salida de Arturo (Boötes) en el año 1712 (Az 48.0°)."
      }
    },
    {
      "type": "Feature",
      "geometry": {
        "type": "LineString",
        "coordinates": [
          [
            -5.9961,
            37.3847
          ],
          [
            -5.8150082749680205,
            37.384561934020574
          ]
        ]
      },
      "properties": {
        "origen_nombre": "Hospital de la Santa Caridad, Sevilla",
        "origen_tipo": "Templo / Encomienda",
        "fecha_origen": 1674,
        "subcapa": "align_solar",
        "etiqueta_alineacion": "☀️ Equinoccio (Este Puro)",
        "acimut_grados": 90.0,
        "explicacion_alineacion": "Eje de orientación equinoccial exacta hacia el orto solar (Az 90.0°)."
      }
    },
    {
      "type": "Feature",
      "geometry": {
        "type": "LineString",
        "coordinates": [
          [
            -6.05,
            37.5333
          ],
          [
            -5.889642079862657,
            37.60074457802146
          ]
        ]
      },
      "properties": {
        "origen_nombre": "Ermita de Nuestra Señora de Loreto, Guillena",
        "origen_tipo": "Templo / Encomienda",
        "fecha_origen": 1200,
        "subcapa": "align_solar",
        "etiqueta_alineacion": "☀️ Solsticio de Verano",
        "acimut_grados": 62.0,
        "explicacion_alineacion": "Eje orientado a la salida del Sol en el Solsticio de Verano en el año 1200 (Az 62.0°)."
      }
    },
    {
      "type": "Feature",
      "geometry": {
        "type": "LineString",
        "coordinates": [
          [
            -5.8833,
            38.1333
          ],
          [
            -5.7219284120972995,
            38.06563662998
          ]
        ]
      },
      "properties": {
        "origen_nombre": "Ermita de la Virgen del Ara, Fuente del Arco",
        "origen_tipo": "Templo / Encomienda",
        "fecha_origen": 1000,
        "subcapa": "align_solar",
        "etiqueta_alineacion": "☀️ Solsticio de Invierno",
        "acimut_grados": 118.0,
        "explicacion_alineacion": "Eje orientado a la salida del Sol en el Solsticio de Invierno en el año 1000 (Az 118.0°)."
      }
    },
    {
      "type": "Feature",
      "geometry": {
        "type": "LineString",
        "coordinates": [
          [
            -6.0628,
            37.3989
          ],
          [
            -5.928023773156332,
            37.49510573553303
          ]
        ]
      },
      "properties": {
        "origen_nombre": "Ermita de San Isidoro del Campo, Santiponce",
        "origen_tipo": "Templo / Encomienda",
        "fecha_origen": 1301,
        "subcapa": "align_stellar",
        "etiqueta_alineacion": "⭐ Puntería a Arturo (Boötes)",
        "acimut_grados": 48.0,
        "explicacion_alineacion": "Eje astronómico proyectado exactamente hacia la salida de Arturo (Boötes) en el año 1301 (Az 48.0°)."
      }
    },
    {
      "type": "Feature",
      "geometry": {
        "type": "LineString",
        "coordinates": [
          [
            -6.6964,
            38.0858
          ],
          [
            -6.513585263378792,
            38.08565839890749
          ]
        ]
      },
      "properties": {
        "origen_nombre": "Monasterio de Tentudía (Calera de León)",
        "origen_tipo": "Templo / Encomienda",
        "fecha_origen": 1325,
        "subcapa": "align_solar",
        "etiqueta_alineacion": "☀️ Equinoccio (Este Puro)",
        "acimut_grados": 90.0,
        "explicacion_alineacion": "Eje de orientación equinoccial exacta hacia el orto solar (Az 90.0°)."
      }
    },
    {
      "type": "Feature",
      "geometry": {
        "type": "LineString",
        "coordinates": [
          [
            -6.4072,
            38.6897
          ],
          [
            -6.244276688930821,
            38.75713997676233
          ]
        ]
      },
      "properties": {
        "origen_nombre": "Iglesia de Santa María, Almendralejo",
        "origen_tipo": "Templo / Encomienda",
        "fecha_origen": 1349,
        "subcapa": "align_solar",
        "etiqueta_alineacion": "☀️ Solsticio de Verano",
        "acimut_grados": 62.0,
        "explicacion_alineacion": "Eje orientado a la salida del Sol en el Solsticio de Verano en el año 1349 (Az 62.0°)."
      }
    },
    {
      "type": "Feature",
      "geometry": {
        "type": "LineString",
        "coordinates": [
          [
            -6.3453,
            38.9172
          ],
          [
            -6.182165289416625,
            38.84953348697543
          ]
        ]
      },
      "properties": {
        "origen_nombre": "Arco de Trajano, Mérida",
        "origen_tipo": "Templo / Encomienda",
        "fecha_origen": 100,
        "subcapa": "align_solar",
        "etiqueta_alineacion": "☀️ Solsticio de Invierno",
        "acimut_grados": 118.0,
        "explicacion_alineacion": "Eje orientado a la salida del Sol en el Solsticio de Invierno en el año 100 (Az 118.0°)."
      }
    },
    {
      "type": "Feature",
      "geometry": {
        "type": "LineString",
        "coordinates": [
          [
            -6.3444,
            38.9175
          ],
          [
            -6.206777337521145,
            39.013701445898114
          ]
        ]
      },
      "properties": {
        "origen_nombre": "Catedral de Mérida",
        "origen_tipo": "Templo / Encomienda",
        "fecha_origen": 550,
        "subcapa": "align_stellar",
        "etiqueta_alineacion": "⭐ Puntería a Arturo (Boötes)",
        "acimut_grados": 48.0,
        "explicacion_alineacion": "Eje astronómico proyectado exactamente hacia la salida de Arturo (Boötes) en el año 550 (Az 48.0°)."
      }
    },
    {
      "type": "Feature",
      "geometry": {
        "type": "LineString",
        "coordinates": [
          [
            -6.345,
            38.917
          ],
          [
            -6.1600632950182606,
            38.91685411885609
          ]
        ]
      },
      "properties": {
        "origen_nombre": "Hospital de Peregrinos de Mérida",
        "origen_tipo": "Templo / Encomienda",
        "fecha_origen": 1120,
        "subcapa": "align_solar",
        "etiqueta_alineacion": "☀️ Equinoccio (Este Puro)",
        "acimut_grados": 90.0,
        "explicacion_alineacion": "Eje de orientación equinoccial exacta hacia el orto solar (Az 90.0°)."
      }
    },
    {
      "type": "Feature",
      "geometry": {
        "type": "LineString",
        "coordinates": [
          [
            -6.9667,
            38.8833
          ],
          [
            -6.803332608621042,
            38.95073919192877
          ]
        ]
      },
      "properties": {
        "origen_nombre": "Ermita de la Virgen de Bótoa, Badajoz",
        "origen_tipo": "Templo / Encomienda",
        "fecha_origen": 1100,
        "subcapa": "align_solar",
        "etiqueta_alineacion": "☀️ Solsticio de Verano",
        "acimut_grados": 62.0,
        "explicacion_alineacion": "Eje orientado a la salida del Sol en el Solsticio de Verano en el año 1100 (Az 62.0°)."
      }
    },
    {
      "type": "Feature",
      "geometry": {
        "type": "LineString",
        "coordinates": [
          [
            -6.3628,
            39.4756
          ],
          [
            -6.198366734033865,
            39.40793120558803
          ]
        ]
      },
      "properties": {
        "origen_nombre": "Ermita de San Blas, Cáceres",
        "origen_tipo": "Templo / Encomienda",
        "fecha_origen": 1150,
        "subcapa": "align_solar",
        "etiqueta_alineacion": "☀️ Solsticio de Invierno",
        "acimut_grados": 118.0,
        "explicacion_alineacion": "Eje orientado a la salida del Sol en el Solsticio de Invierno en el año 1150 (Az 118.0°)."
      }
    },
    {
      "type": "Feature",
      "geometry": {
        "type": "LineString",
        "coordinates": [
          [
            -6.3722,
            39.4764
          ],
          [
            -6.233474404956928,
            39.57259982072998
          ]
        ]
      },
      "properties": {
        "origen_nombre": "Concatedral de Santa María, Cáceres",
        "origen_tipo": "Templo / Encomienda",
        "fecha_origen": 1229,
        "subcapa": "align_stellar",
        "etiqueta_alineacion": "⭐ Puntería a Arturo (Boötes)",
        "acimut_grados": 48.0,
        "explicacion_alineacion": "Eje astronómico proyectado exactamente hacia la salida de Arturo (Boötes) en el año 1229 (Az 48.0°)."
      }
    },
    {
      "type": "Feature",
      "geometry": {
        "type": "LineString",
        "coordinates": [
          [
            -5.3278,
            39.4547
          ],
          [
            -5.141443084681895,
            39.454551296403544
          ]
        ]
      },
      "properties": {
        "origen_nombre": "Monasterio de Guadalupe",
        "origen_tipo": "Templo / Encomienda",
        "fecha_origen": 1340,
        "subcapa": "align_solar",
        "etiqueta_alineacion": "☀️ Equinoccio (Este Puro)",
        "acimut_grados": 90.0,
        "explicacion_alineacion": "Eje de orientación equinoccial exacta hacia el orto solar (Az 90.0°)."
      }
    },
    {
      "type": "Feature",
      "geometry": {
        "type": "LineString",
        "coordinates": [
          [
            -6.0936,
            40.0317
          ],
          [
            -5.927508368076218,
            40.09913444621357
          ]
        ]
      },
      "properties": {
        "origen_nombre": "Ermita del Humilladero, Plasencia",
        "origen_tipo": "Templo / Encomienda",
        "fecha_origen": 1050,
        "subcapa": "align_solar",
        "etiqueta_alineacion": "☀️ Solsticio de Verano",
        "acimut_grados": 62.0,
        "explicacion_alineacion": "Eje orientado a la salida del Sol en el Solsticio de Verano en el año 1050 (Az 62.0°)."
      }
    },
    {
      "type": "Feature",
      "geometry": {
        "type": "LineString",
        "coordinates": [
          [
            -6.0936,
            40.0311
          ],
          [
            -5.927838499853904,
            39.96342889950443
          ]
        ]
      },
      "properties": {
        "origen_nombre": "Catedral de Plasencia",
        "origen_tipo": "Templo / Encomienda",
        "fecha_origen": 1189,
        "subcapa": "align_solar",
        "etiqueta_alineacion": "☀️ Solsticio de Invierno",
        "acimut_grados": 118.0,
        "explicacion_alineacion": "Eje orientado a la salida del Sol en el Solsticio de Invierno en el año 1189 (Az 118.0°)."
      }
    },
    {
      "type": "Feature",
      "geometry": {
        "type": "LineString",
        "coordinates": [
          [
            -5.8667,
            40.1083
          ],
          [
            -5.726689740106168,
            40.204497951423384
          ]
        ]
      },
      "properties": {
        "origen_nombre": "Ermita de Nuestra Señora de la Salud, Baños",
        "origen_tipo": "Templo / Encomienda",
        "fecha_origen": 1100,
        "subcapa": "align_stellar",
        "etiqueta_alineacion": "⭐ Puntería a Arturo (Boötes)",
        "acimut_grados": 48.0,
        "explicacion_alineacion": "Eje astronómico proyectado exactamente hacia la salida de Arturo (Boötes) en el año 1100 (Az 48.0°)."
      }
    },
    {
      "type": "Feature",
      "geometry": {
        "type": "LineString",
        "coordinates": [
          [
            -5.6647,
            40.9606
          ],
          [
            -5.474156108985641,
            40.96044315290501
          ]
        ]
      },
      "properties": {
        "origen_nombre": "Catedral de Salamanca (Vieja)",
        "origen_tipo": "Templo / Encomienda",
        "fecha_origen": 1140,
        "subcapa": "align_solar",
        "etiqueta_alineacion": "☀️ Equinoccio (Este Puro)",
        "acimut_grados": 90.0,
        "explicacion_alineacion": "Eje de orientación equinoccial exacta hacia el orto solar (Az 90.0°)."
      }
    },
    {
      "type": "Feature",
      "geometry": {
        "type": "LineString",
        "coordinates": [
          [
            -5.6622,
            40.9597
          ],
          [
            -5.493789527915194,
            41.02713049281805
          ]
        ]
      },
      "properties": {
        "origen_nombre": "Convento de San Esteban, Salamanca",
        "origen_tipo": "Templo / Encomienda",
        "fecha_origen": 1524,
        "subcapa": "align_solar",
        "etiqueta_alineacion": "☀️ Solsticio de Verano",
        "acimut_grados": 62.0,
        "explicacion_alineacion": "Eje orientado a la salida del Sol en el Solsticio de Verano en el año 1524 (Az 62.0°)."
      }
    },
    {
      "type": "Feature",
      "geometry": {
        "type": "LineString",
        "coordinates": [
          [
            -5.663,
            40.96
          ],
          [
            -5.494933132413652,
            40.892324958198515
          ]
        ]
      },
      "properties": {
        "origen_nombre": "Hospital de la Santísima Trinidad, Salamanca",
        "origen_tipo": "Templo / Encomienda",
        "fecha_origen": 1184,
        "subcapa": "align_solar",
        "etiqueta_alineacion": "☀️ Solsticio de Invierno",
        "acimut_grados": 118.0,
        "explicacion_alineacion": "Eje orientado a la salida del Sol en el Solsticio de Invierno en el año 1184 (Az 118.0°)."
      }
    },
    {
      "type": "Feature",
      "geometry": {
        "type": "LineString",
        "coordinates": [
          [
            -5.7478,
            41.5006
          ],
          [
            -5.604811031144135,
            41.596793706430226
          ]
        ]
      },
      "properties": {
        "origen_nombre": "Ermita del Vierzo, Zamora",
        "origen_tipo": "Templo / Encomienda",
        "fecha_origen": 1050,
        "subcapa": "align_stellar",
        "etiqueta_alineacion": "⭐ Puntería a Arturo (Boötes)",
        "acimut_grados": 48.0,
        "explicacion_alineacion": "Eje astronómico proyectado exactamente hacia la salida de Arturo (Boötes) en el año 1050 (Az 48.0°)."
      }
    },
    {
      "type": "Feature",
      "geometry": {
        "type": "LineString",
        "coordinates": [
          [
            -5.7467,
            41.5019
          ],
          [
            -5.554571896953853,
            41.501740134748005
          ]
        ]
      },
      "properties": {
        "origen_nombre": "Catedral de Zamora",
        "origen_tipo": "Templo / Encomienda",
        "fecha_origen": 1151,
        "subcapa": "align_solar",
        "etiqueta_alineacion": "☀️ Equinoccio (Este Puro)",
        "acimut_grados": 90.0,
        "explicacion_alineacion": "Eje de orientación equinoccial exacta hacia el orto solar (Az 90.0°)."
      }
    },
    {
      "type": "Feature",
      "geometry": {
        "type": "LineString",
        "coordinates": [
          [
            -5.747,
            41.5011
          ],
          [
            -5.577185768302013,
            41.568528134624806
          ]
        ]
      },
      "properties": {
        "origen_nombre": "Hospital de Peregrinos de Zamora",
        "origen_tipo": "Templo / Encomienda",
        "fecha_origen": 1182,
        "subcapa": "align_solar",
        "etiqueta_alineacion": "☀️ Solsticio de Verano",
        "acimut_grados": 62.0,
        "explicacion_alineacion": "Eje orientado a la salida del Sol en el Solsticio de Verano en el año 1182 (Az 62.0°)."
      }
    },
    {
      "type": "Feature",
      "geometry": {
        "type": "LineString",
        "coordinates": [
          [
            -5.7453,
            41.5033
          ],
          [
            -5.575833937751749,
            41.43562260139994
          ]
        ]
      },
      "properties": {
        "origen_nombre": "Iglesia de la Magdalena, Zamora",
        "origen_tipo": "Templo / Encomienda",
        "fecha_origen": 1159,
        "subcapa": "align_solar",
        "etiqueta_alineacion": "☀️ Solsticio de Invierno",
        "acimut_grados": 118.0,
        "explicacion_alineacion": "Eje orientado a la salida del Sol en el Solsticio de Invierno en el año 1159 (Az 118.0°)."
      }
    },
    {
      "type": "Feature",
      "geometry": {
        "type": "LineString",
        "coordinates": [
          [
            -7.4833,
            42.0167
          ],
          [
            -7.339152530725231,
            42.11289208625474
          ]
        ]
      },
      "properties": {
        "origen_nombre": "Ermita de San Mamede, Laza",
        "origen_tipo": "Templo / Encomienda",
        "fecha_origen": 1100,
        "subcapa": "align_stellar",
        "etiqueta_alineacion": "⭐ Puntería a Arturo (Boötes)",
        "acimut_grados": 48.0,
        "explicacion_alineacion": "Eje astronómico proyectado exactamente hacia la salida de Arturo (Boötes) en el año 1100 (Az 48.0°)."
      }
    },
    {
      "type": "Feature",
      "geometry": {
        "type": "LineString",
        "coordinates": [
          [
            -7.4833,
            42.0167
          ],
          [
            -7.289624439840763,
            42.01653721716823
          ]
        ]
      },
      "properties": {
        "origen_nombre": "Iglesia de Santa María, Laza",
        "origen_tipo": "Templo / Encomienda",
        "fecha_origen": 1120,
        "subcapa": "align_solar",
        "etiqueta_alineacion": "☀️ Equinoccio (Este Puro)",
        "acimut_grados": 90.0,
        "explicacion_alineacion": "Eje de orientación equinoccial exacta hacia el orto solar (Az 90.0°)."
      }
    },
    {
      "type": "Feature",
      "geometry": {
        "type": "LineString",
        "coordinates": [
          [
            -7.8636,
            42.3364
          ],
          [
            -7.691542990841441,
            42.40382441757853
          ]
        ]
      },
      "properties": {
        "origen_nombre": "Catedral de Ourense",
        "origen_tipo": "Templo / Encomienda",
        "fecha_origen": 1132,
        "subcapa": "align_solar",
        "etiqueta_alineacion": "☀️ Solsticio de Verano",
        "acimut_grados": 62.0,
        "explicacion_alineacion": "Eje orientado a la salida del Sol en el Solsticio de Verano en el año 1132 (Az 62.0°)."
      }
    },
    {
      "type": "Feature",
      "geometry": {
        "type": "LineString",
        "coordinates": [
          [
            -5.5806,
            43.4019
          ],
          [
            -5.405929769961148,
            43.33421404324707
          ]
        ]
      },
      "properties": {
        "origen_nombre": "San Salvador de Valdediós",
        "origen_tipo": "Templo / Encomienda",
        "fecha_origen": 893,
        "subcapa": "align_solar",
        "etiqueta_alineacion": "☀️ Solsticio de Invierno",
        "acimut_grados": 118.0,
        "explicacion_alineacion": "Eje orientado a la salida del Sol en el Solsticio de Invierno en el año 893 (Az 118.0°)."
      }
    },
    {
      "type": "Feature",
      "geometry": {
        "type": "LineString",
        "coordinates": [
          [
            -5.5803,
            43.4017
          ],
          [
            -5.432888593556544,
            43.49788760427288
          ]
        ]
      },
      "properties": {
        "origen_nombre": "Monasterio de Santa María de Valdediós",
        "origen_tipo": "Templo / Encomienda",
        "fecha_origen": 1200,
        "subcapa": "align_stellar",
        "etiqueta_alineacion": "⭐ Puntería a Arturo (Boötes)",
        "acimut_grados": 48.0,
        "explicacion_alineacion": "Eje astronómico proyectado exactamente hacia la salida de Arturo (Boötes) en el año 1200 (Az 48.0°)."
      }
    },
    {
      "type": "Feature",
      "geometry": {
        "type": "LineString",
        "coordinates": [
          [
            -5.95,
            43.2167
          ],
          [
            -5.752555850001735,
            43.21653022852444
          ]
        ]
      },
      "properties": {
        "origen_nombre": "Iglesia de San Adriano de Tuñón",
        "origen_tipo": "Templo / Encomienda",
        "fecha_origen": 891,
        "subcapa": "align_solar",
        "etiqueta_alineacion": "☀️ Equinoccio (Este Puro)",
        "acimut_grados": 90.0,
        "explicacion_alineacion": "Eje de orientación equinoccial exacta hacia el orto solar (Az 90.0°)."
      }
    },
    {
      "type": "Feature",
      "geometry": {
        "type": "LineString",
        "coordinates": [
          [
            -6.8167,
            43.2833
          ],
          [
            -6.641982273885944,
            43.350720082289136
          ]
        ]
      },
      "properties": {
        "origen_nombre": "Ermita de San Xulián de Ourante",
        "origen_tipo": "Templo / Encomienda",
        "fecha_origen": 1000,
        "subcapa": "align_solar",
        "etiqueta_alineacion": "☀️ Solsticio de Verano",
        "acimut_grados": 62.0,
        "explicacion_alineacion": "Eje orientado a la salida del Sol en el Solsticio de Verano en el año 1000 (Az 62.0°)."
      }
    },
    {
      "type": "Feature",
      "geometry": {
        "type": "LineString",
        "coordinates": [
          [
            -6.6167,
            43.3167
          ],
          [
            -6.442274291504368,
            43.249014438607546
          ]
        ]
      },
      "properties": {
        "origen_nombre": "Monasterio de Obona",
        "origen_tipo": "Templo / Encomienda",
        "fecha_origen": 780,
        "subcapa": "align_solar",
        "etiqueta_alineacion": "☀️ Solsticio de Invierno",
        "acimut_grados": 118.0,
        "explicacion_alineacion": "Eje orientado a la salida del Sol en el Solsticio de Invierno en el año 780 (Az 118.0°)."
      }
    },
    {
      "type": "Feature",
      "geometry": {
        "type": "LineString",
        "coordinates": [
          [
            -6.8833,
            43.2167
          ],
          [
            -6.736338094947869,
            43.3128882146965
          ]
        ]
      },
      "properties": {
        "origen_nombre": "Hospital de La Campa, Grandas de Salime",
        "origen_tipo": "Templo / Encomienda",
        "fecha_origen": 1050,
        "subcapa": "align_stellar",
        "etiqueta_alineacion": "⭐ Puntería a Arturo (Boötes)",
        "acimut_grados": 48.0,
        "explicacion_alineacion": "Eje astronómico proyectado exactamente hacia la salida de Arturo (Boötes) en el año 1050 (Az 48.0°)."
      }
    },
    {
      "type": "Feature",
      "geometry": {
        "type": "LineString",
        "coordinates": [
          [
            -7.3167,
            43.5667
          ],
          [
            -7.118112315734937,
            43.5665281383322
          ]
        ]
      },
      "properties": {
        "origen_nombre": "San Martín de Mondoñedo",
        "origen_tipo": "Templo / Encomienda",
        "fecha_origen": 866,
        "subcapa": "align_solar",
        "etiqueta_alineacion": "☀️ Equinoccio (Este Puro)",
        "acimut_grados": 90.0,
        "explicacion_alineacion": "Eje de orientación equinoccial exacta hacia el orto solar (Az 90.0°)."
      }
    },
    {
      "type": "Feature",
      "geometry": {
        "type": "LineString",
        "coordinates": [
          [
            -7.3628,
            43.4297
          ],
          [
            -7.187659239764517,
            43.497119399967396
          ]
        ]
      },
      "properties": {
        "origen_nombre": "Catedral de Mondoñedo",
        "origen_tipo": "Templo / Encomienda",
        "fecha_origen": 1219,
        "subcapa": "align_solar",
        "etiqueta_alineacion": "☀️ Solsticio de Verano",
        "acimut_grados": 62.0,
        "explicacion_alineacion": "Eje orientado a la salida del Sol en el Solsticio de Verano en el año 1219 (Az 62.0°)."
      }
    },
    {
      "type": "Feature",
      "geometry": {
        "type": "LineString",
        "coordinates": [
          [
            -7.2833,
            43.2167
          ],
          [
            -7.109159926290853,
            43.14901490123713
          ]
        ]
      },
      "properties": {
        "origen_nombre": "Santa María de Meira",
        "origen_tipo": "Templo / Encomienda",
        "fecha_origen": 1150,
        "subcapa": "align_solar",
        "etiqueta_alineacion": "☀️ Solsticio de Invierno",
        "acimut_grados": 118.0,
        "explicacion_alineacion": "Eje orientado a la salida del Sol en el Solsticio de Invierno en el año 1150 (Az 118.0°)."
      }
    },
    {
      "type": "Feature",
      "geometry": {
        "type": "LineString",
        "coordinates": [
          [
            -7.25,
            42.9833
          ],
          [
            -7.103599129955575,
            43.07948897954001
          ]
        ]
      },
      "properties": {
        "origen_nombre": "Monasterio de Santa María de Penamaior",
        "origen_tipo": "Templo / Encomienda",
        "fecha_origen": 1153,
        "subcapa": "align_stellar",
        "etiqueta_alineacion": "⭐ Puntería a Arturo (Boötes)",
        "acimut_grados": 48.0,
        "explicacion_alineacion": "Eje astronómico proyectado exactamente hacia la salida de Arturo (Boötes) en el año 1153 (Az 48.0°)."
      }
    },
    {
      "type": "Feature",
      "geometry": {
        "type": "LineString",
        "coordinates": [
          [
            -7.5578,
            43.0111
          ],
          [
            -7.361018065619495,
            43.01093144520337
          ]
        ]
      },
      "properties": {
        "origen_nombre": "Iglesia de Santiago, Lugo",
        "origen_tipo": "Templo / Encomienda",
        "fecha_origen": 1200,
        "subcapa": "align_solar",
        "etiqueta_alineacion": "☀️ Equinoccio (Este Puro)",
        "acimut_grados": 90.0,
        "explicacion_alineacion": "Eje de orientación equinoccial exacta hacia el orto solar (Az 90.0°)."
      }
    },
    {
      "type": "Feature",
      "geometry": {
        "type": "LineString",
        "coordinates": [
          [
            -9.1328,
            38.7094
          ],
          [
            -8.969831696344286,
            38.776839897095606
          ]
        ]
      },
      "properties": {
        "origen_nombre": "Sé de Lisboa (Catedral)",
        "origen_tipo": "Templo / Encomienda",
        "fecha_origen": 1147,
        "subcapa": "align_solar",
        "etiqueta_alineacion": "☀️ Solsticio de Verano",
        "acimut_grados": 62.0,
        "explicacion_alineacion": "Eje orientado a la salida del Sol en el Solsticio de Verano en el año 1147 (Az 62.0°)."
      }
    },
    {
      "type": "Feature",
      "geometry": {
        "type": "LineString",
        "coordinates": [
          [
            -9.1392,
            38.7136
          ],
          [
            -8.976529845715307,
            38.64593430989153
          ]
        ]
      },
      "properties": {
        "origen_nombre": "Hospital de Todos os Santos, Lisboa",
        "origen_tipo": "Templo / Encomienda",
        "fecha_origen": 1492,
        "subcapa": "align_solar",
        "etiqueta_alineacion": "☀️ Solsticio de Invierno",
        "acimut_grados": 118.0,
        "explicacion_alineacion": "Eje orientado a la salida del Sol en el Solsticio de Invierno en el año 1492 (Az 118.0°)."
      }
    },
    {
      "type": "Feature",
      "geometry": {
        "type": "LineString",
        "coordinates": [
          [
            -8.9792,
            39.5483
          ],
          [
            -8.840330270344785,
            39.644499609761525
          ]
        ]
      },
      "properties": {
        "origen_nombre": "Mosteiro de Alcobaça",
        "origen_tipo": "Templo / Encomienda",
        "fecha_origen": 1178,
        "subcapa": "align_stellar",
        "etiqueta_alineacion": "⭐ Puntería a Arturo (Boötes)",
        "acimut_grados": 48.0,
        "explicacion_alineacion": "Eje astronómico proyectado exactamente hacia la salida de Arturo (Boötes) en el año 1178 (Az 48.0°)."
      }
    },
    {
      "type": "Feature",
      "geometry": {
        "type": "LineString",
        "coordinates": [
          [
            -8.8261,
            39.6578
          ],
          [
            -8.639196648509516,
            39.657650218956405
          ]
        ]
      },
      "properties": {
        "origen_nombre": "Mosteiro de Batalha",
        "origen_tipo": "Templo / Encomienda",
        "fecha_origen": 1386,
        "subcapa": "align_solar",
        "etiqueta_alineacion": "☀️ Equinoccio (Este Puro)",
        "acimut_grados": 90.0,
        "explicacion_alineacion": "Eje de orientación equinoccial exacta hacia el orto solar (Az 90.0°)."
      }
    },
    {
      "type": "Feature",
      "geometry": {
        "type": "LineString",
        "coordinates": [
          [
            -8.4258,
            40.2094
          ],
          [
            -8.259272668463696,
            40.27683369762284
          ]
        ]
      },
      "properties": {
        "origen_nombre": "Sé Velha de Coimbra",
        "origen_tipo": "Templo / Encomienda",
        "fecha_origen": 1162,
        "subcapa": "align_solar",
        "etiqueta_alineacion": "☀️ Solsticio de Verano",
        "acimut_grados": 62.0,
        "explicacion_alineacion": "Eje orientado a la salida del Sol en el Solsticio de Verano en el año 1162 (Az 62.0°)."
      }
    },
    {
      "type": "Feature",
      "geometry": {
        "type": "LineString",
        "coordinates": [
          [
            -8.4275,
            40.2106
          ],
          [
            -8.261301350813321,
            40.14292814632345
          ]
        ]
      },
      "properties": {
        "origen_nombre": "Mosteiro de Santa Cruz, Coimbra",
        "origen_tipo": "Templo / Encomienda",
        "fecha_origen": 1131,
        "subcapa": "align_solar",
        "etiqueta_alineacion": "☀️ Solsticio de Invierno",
        "acimut_grados": 118.0,
        "explicacion_alineacion": "Eje orientado a la salida del Sol en el Solsticio de Invierno en el año 1131 (Az 118.0°)."
      }
    },
    {
      "type": "Feature",
      "geometry": {
        "type": "LineString",
        "coordinates": [
          [
            -8.4267,
            41.5453
          ],
          [
            -8.283611887414377,
            41.6414935671344
          ]
        ]
      },
      "properties": {
        "origen_nombre": "Hospital de São Marcos, Braga",
        "origen_tipo": "Templo / Encomienda",
        "fecha_origen": 1508,
        "subcapa": "align_stellar",
        "etiqueta_alineacion": "⭐ Puntería a Arturo (Boötes)",
        "acimut_grados": 48.0,
        "explicacion_alineacion": "Eje astronómico proyectado exactamente hacia la salida de Arturo (Boötes) en el año 1508 (Az 48.0°)."
      }
    },
    {
      "type": "Feature",
      "geometry": {
        "type": "LineString",
        "coordinates": [
          [
            -8.4244,
            41.5503
          ],
          [
            -8.232128123102914,
            41.55013986243003
          ]
        ]
      },
      "properties": {
        "origen_nombre": "Sé de Braga (Catedral)",
        "origen_tipo": "Templo / Encomienda",
        "fecha_origen": 1089,
        "subcapa": "align_solar",
        "etiqueta_alineacion": "☀️ Equinoccio (Este Puro)",
        "acimut_grados": 90.0,
        "explicacion_alineacion": "Eje de orientación equinoccial exacta hacia el orto solar (Az 90.0°)."
      }
    },
    {
      "type": "Feature",
      "geometry": {
        "type": "LineString",
        "coordinates": [
          [
            -8.3944,
            41.5536
          ],
          [
            -8.224447589142684,
            41.621027903851775
          ]
        ]
      },
      "properties": {
        "origen_nombre": "Santuário do Bom Jesus do Monte",
        "origen_tipo": "Templo / Encomienda",
        "fecha_origen": 1373,
        "subcapa": "align_solar",
        "etiqueta_alineacion": "☀️ Solsticio de Verano",
        "acimut_grados": 62.0,
        "explicacion_alineacion": "Eje orientado a la salida del Sol en el Solsticio de Verano en el año 1373 (Az 62.0°)."
      }
    },
    {
      "type": "Feature",
      "geometry": {
        "type": "LineString",
        "coordinates": [
          [
            -8.6139,
            41.142
          ],
          [
            -8.44536868341249,
            41.074324173039166
          ]
        ]
      },
      "properties": {
        "origen_nombre": "Sé do Porto (Catedral)",
        "origen_tipo": "Templo / Encomienda",
        "fecha_origen": 1110,
        "subcapa": "align_solar",
        "etiqueta_alineacion": "☀️ Solsticio de Invierno",
        "acimut_grados": 118.0,
        "explicacion_alineacion": "Eje orientado a la salida del Sol en el Solsticio de Invierno en el año 1110 (Az 118.0°)."
      }
    },
    {
      "type": "Feature",
      "geometry": {
        "type": "LineString",
        "coordinates": [
          [
            -8.3333,
            41.1667
          ],
          [
            -8.191044562099206,
            41.26289474088113
          ]
        ]
      },
      "properties": {
        "origen_nombre": "Mosteiro de Paço de Sousa",
        "origen_tipo": "Templo / Encomienda",
        "fecha_origen": 1088,
        "subcapa": "align_stellar",
        "etiqueta_alineacion": "⭐ Puntería a Arturo (Boötes)",
        "acimut_grados": 48.0,
        "explicacion_alineacion": "Eje astronómico proyectado exactamente hacia la salida de Arturo (Boötes) en el año 1088 (Az 48.0°)."
      }
    },
    {
      "type": "Feature",
      "geometry": {
        "type": "LineString",
        "coordinates": [
          [
            -8.6167,
            41.5333
          ],
          [
            -8.424478662321755,
            41.53313995812533
          ]
        ]
      },
      "properties": {
        "origen_nombre": "Iglesia de San Pelayo de Barcelos",
        "origen_tipo": "Templo / Encomienda",
        "fecha_origen": 1117,
        "subcapa": "align_solar",
        "etiqueta_alineacion": "☀️ Equinoccio (Este Puro)",
        "acimut_grados": 90.0,
        "explicacion_alineacion": "Eje de orientación equinoccial exacta hacia el orto solar (Az 90.0°)."
      }
    },
    {
      "type": "Feature",
      "geometry": {
        "type": "LineString",
        "coordinates": [
          [
            -8.4667,
            42.1167
          ],
          [
            -8.295242145685691,
            42.184125404728555
          ]
        ]
      },
      "properties": {
        "origen_nombre": "Ermita de Nosa Señora da Franqueira",
        "origen_tipo": "Templo / Encomienda",
        "fecha_origen": 1050,
        "subcapa": "align_solar",
        "etiqueta_alineacion": "☀️ Solsticio de Verano",
        "acimut_grados": 62.0,
        "explicacion_alineacion": "Eje orientado a la salida del Sol en el Solsticio de Verano en el año 1050 (Az 62.0°)."
      }
    },
    {
      "type": "Feature",
      "geometry": {
        "type": "LineString",
        "coordinates": [
          [
            -8.6458,
            42.4333
          ],
          [
            -8.47384766699116,
            42.365618473975715
          ]
        ]
      },
      "properties": {
        "origen_nombre": "Santa María la Mayor de Pontevedra",
        "origen_tipo": "Templo / Encomienda",
        "fecha_origen": 1180,
        "subcapa": "align_solar",
        "etiqueta_alineacion": "☀️ Solsticio de Invierno",
        "acimut_grados": 118.0,
        "explicacion_alineacion": "Eje orientado a la salida del Sol en el Solsticio de Invierno en el año 1180 (Az 118.0°)."
      }
    },
    {
      "type": "Feature",
      "geometry": {
        "type": "LineString",
        "coordinates": [
          [
            -8.6481,
            42.4361
          ],
          [
            -8.502988443858642,
            42.53229075009594
          ]
        ]
      },
      "properties": {
        "origen_nombre": "Convento de San Francisco, Pontevedra",
        "origen_tipo": "Templo / Encomienda",
        "fecha_origen": 1221,
        "subcapa": "align_stellar",
        "etiqueta_alineacion": "⭐ Puntería a Arturo (Boötes)",
        "acimut_grados": 48.0,
        "explicacion_alineacion": "Eje astronómico proyectado exactamente hacia la salida de Arturo (Boötes) en el año 1221 (Az 48.0°)."
      }
    },
    {
      "type": "Feature",
      "geometry": {
        "type": "LineString",
        "coordinates": [
          [
            -8.3333,
            42.3833
          ],
          [
            -8.138497529296579,
            42.38313511056327
          ]
        ]
      },
      "properties": {
        "origen_nombre": "Ermita de San Cibrán das Las",
        "origen_tipo": "Templo / Encomienda",
        "fecha_origen": 1100,
        "subcapa": "align_solar",
        "etiqueta_alineacion": "☀️ Equinoccio (Este Puro)",
        "acimut_grados": 90.0,
        "explicacion_alineacion": "Eje de orientación equinoccial exacta hacia el orto solar (Az 90.0°)."
      }
    },
    {
      "type": "Feature",
      "geometry": {
        "type": "LineString",
        "coordinates": [
          [
            -8.6422,
            42.6033
          ],
          [
            -8.469406025279124,
            42.67072320900694
          ]
        ]
      },
      "properties": {
        "origen_nombre": "Iglesia de Santa María, Caldas de Reis",
        "origen_tipo": "Templo / Encomienda",
        "fecha_origen": 1200,
        "subcapa": "align_solar",
        "etiqueta_alineacion": "☀️ Solsticio de Verano",
        "acimut_grados": 62.0,
        "explicacion_alineacion": "Eje orientado a la salida del Sol en el Solsticio de Verano en el año 1200 (Az 62.0°)."
      }
    },
    {
      "type": "Feature",
      "geometry": {
        "type": "LineString",
        "coordinates": [
          [
            -8.6567,
            42.7353
          ],
          [
            -8.483914659800602,
            42.66761710736662
          ]
        ]
      },
      "properties": {
        "origen_nombre": "Ermita del Carmen, Padrón",
        "origen_tipo": "Templo / Encomienda",
        "fecha_origen": 1350,
        "subcapa": "align_solar",
        "etiqueta_alineacion": "☀️ Solsticio de Invierno",
        "acimut_grados": 118.0,
        "explicacion_alineacion": "Eje orientado a la salida del Sol en el Solsticio de Invierno en el año 1350 (Az 118.0°)."
      }
    },
    {
      "type": "Feature",
      "geometry": {
        "type": "LineString",
        "coordinates": [
          [
            -8.6569,
            42.7353
          ],
          [
            -8.511087943912608,
            42.831489785868335
          ]
        ]
      },
      "properties": {
        "origen_nombre": "Iglesia de Santiago de Padrón",
        "origen_tipo": "Templo / Encomienda",
        "fecha_origen": 1150,
        "subcapa": "align_stellar",
        "etiqueta_alineacion": "⭐ Puntería a Arturo (Boötes)",
        "acimut_grados": 48.0,
        "explicacion_alineacion": "Eje astronómico proyectado exactamente hacia la salida de Arturo (Boötes) en el año 1150 (Az 48.0°)."
      }
    },
    {
      "type": "Feature",
      "geometry": {
        "type": "LineString",
        "coordinates": [
          [
            -8.28,
            43.4633
          ],
          [
            -8.081752295173857,
            43.463128758351324
          ]
        ]
      },
      "properties": {
        "origen_nombre": "Castillo de San Felipe, Ferrol",
        "origen_tipo": "Templo / Encomienda",
        "fecha_origen": 1587,
        "subcapa": "align_solar",
        "etiqueta_alineacion": "☀️ Equinoccio (Este Puro)",
        "acimut_grados": 90.0,
        "explicacion_alineacion": "Eje de orientación equinoccial exacta hacia el orto solar (Az 90.0°)."
      }
    },
    {
      "type": "Feature",
      "geometry": {
        "type": "LineString",
        "coordinates": [
          [
            -8.1667,
            43.5167
          ],
          [
            -7.991306331334217,
            43.58411899292034
          ]
        ]
      },
      "properties": {
        "origen_nombre": "Santa María de Narón",
        "origen_tipo": "Templo / Encomienda",
        "fecha_origen": 1200,
        "subcapa": "align_solar",
        "etiqueta_alineacion": "☀️ Solsticio de Verano",
        "acimut_grados": 62.0,
        "explicacion_alineacion": "Eje orientado a la salida del Sol en el Solsticio de Verano en el año 1200 (Az 62.0°)."
      }
    },
    {
      "type": "Feature",
      "geometry": {
        "type": "LineString",
        "coordinates": [
          [
            -8.2083,
            43.2778
          ],
          [
            -8.033985577831249,
            43.21011461875071
          ]
        ]
      },
      "properties": {
        "origen_nombre": "Hospital de Caridade, Betanzos",
        "origen_tipo": "Templo / Encomienda",
        "fecha_origen": 1490,
        "subcapa": "align_solar",
        "etiqueta_alineacion": "☀️ Solsticio de Invierno",
        "acimut_grados": 118.0,
        "explicacion_alineacion": "Eje orientado a la salida del Sol en el Solsticio de Invierno en el año 1490 (Az 118.0°)."
      }
    },
    {
      "type": "Feature",
      "geometry": {
        "type": "LineString",
        "coordinates": [
          [
            -8.2094,
            43.2783
          ],
          [
            -8.062288898130854,
            43.37448801185569
          ]
        ]
      },
      "properties": {
        "origen_nombre": "Santiago de Betanzos",
        "origen_tipo": "Templo / Encomienda",
        "fecha_origen": 1400,
        "subcapa": "align_stellar",
        "etiqueta_alineacion": "⭐ Puntería a Arturo (Boötes)",
        "acimut_grados": 48.0,
        "explicacion_alineacion": "Eje astronómico proyectado exactamente hacia la salida de Arturo (Boötes) en el año 1400 (Az 48.0°)."
      }
    },
    {
      "type": "Feature",
      "geometry": {
        "type": "LineString",
        "coordinates": [
          [
            -8.2,
            43.2667
          ],
          [
            -8.002393745768552,
            43.26652993139943
          ]
        ]
      },
      "properties": {
        "origen_nombre": "San Martín de Tiobre",
        "origen_tipo": "Templo / Encomienda",
        "fecha_origen": 1000,
        "subcapa": "align_solar",
        "etiqueta_alineacion": "☀️ Equinoccio (Este Puro)",
        "acimut_grados": 90.0,
        "explicacion_alineacion": "Eje de orientación equinoccial exacta hacia el orto solar (Az 90.0°)."
      }
    },
    {
      "type": "Feature",
      "geometry": {
        "type": "LineString",
        "coordinates": [
          [
            -8.3453,
            43.1483
          ],
          [
            -8.170969553395167,
            43.21572070856832
          ]
        ]
      },
      "properties": {
        "origen_nombre": "Iglesia de Bruma (San Paio)",
        "origen_tipo": "Templo / Encomienda",
        "fecha_origen": 1100,
        "subcapa": "align_solar",
        "etiqueta_alineacion": "☀️ Solsticio de Verano",
        "acimut_grados": 62.0,
        "explicacion_alineacion": "Eje orientado a la salida del Sol en el Solsticio de Verano en el año 1100 (Az 62.0°)."
      }
    },
    {
      "type": "Feature",
      "geometry": {
        "type": "LineString",
        "coordinates": [
          [
            -8.3961,
            43.3714
          ],
          [
            -8.221517427192559,
            43.303714184906035
          ]
        ]
      },
      "properties": {
        "origen_nombre": "Iglesia de A Coruña (Santiago)",
        "origen_tipo": "Templo / Encomienda",
        "fecha_origen": 1200,
        "subcapa": "align_solar",
        "etiqueta_alineacion": "☀️ Solsticio de Invierno",
        "acimut_grados": 118.0,
        "explicacion_alineacion": "Eje orientado a la salida del Sol en el Solsticio de Invierno en el año 1200 (Az 118.0°)."
      }
    },
    {
      "type": "Feature",
      "geometry": {
        "type": "LineString",
        "coordinates": [
          [
            -8.4047,
            43.3869
          ],
          [
            -8.257324711422449,
            43.483087653244205
          ]
        ]
      },
      "properties": {
        "origen_nombre": "Torre de Hércules, A Coruña",
        "origen_tipo": "Templo / Encomienda",
        "fecha_origen": 100,
        "subcapa": "align_stellar",
        "etiqueta_alineacion": "⭐ Puntería a Arturo (Boötes)",
        "acimut_grados": 48.0,
        "explicacion_alineacion": "Eje astronómico proyectado exactamente hacia la salida de Arturo (Boötes) en el año 100 (Az 48.0°)."
      }
    },
    {
      "type": "Feature",
      "geometry": {
        "type": "LineString",
        "coordinates": [
          [
            0.5319,
            42.7953
          ],
          [
            0.7279943335983906,
            42.795132713512146
          ]
        ]
      },
      "properties": {
        "origen_nombre": "Hospital de Santa Cristina de Somport",
        "origen_tipo": "Templo / Encomienda",
        "fecha_origen": 1100,
        "subcapa": "align_solar",
        "etiqueta_alineacion": "☀️ Equinoccio (Este Puro)",
        "acimut_grados": 90.0,
        "explicacion_alineacion": "Eje de orientación equinoccial exacta hacia el orto solar (Az 90.0°)."
      }
    },
    {
      "type": "Feature",
      "geometry": {
        "type": "LineString",
        "coordinates": [
          [
            -0.5494,
            42.5697
          ],
          [
            -0.3766993553433115,
            42.63712336172353
          ]
        ]
      },
      "properties": {
        "origen_nombre": "Santa María de Jaca (Catedral)",
        "origen_tipo": "Templo / Encomienda",
        "fecha_origen": 1076,
        "subcapa": "align_solar",
        "etiqueta_alineacion": "☀️ Solsticio de Verano",
        "acimut_grados": 62.0,
        "explicacion_alineacion": "Eje orientado a la salida del Sol en el Solsticio de Verano en el año 1076 (Az 62.0°)."
      }
    },
    {
      "type": "Feature",
      "geometry": {
        "type": "LineString",
        "coordinates": [
          [
            -0.6167,
            42.5333
          ],
          [
            -0.4444732572677661,
            42.46561802291724
          ]
        ]
      },
      "properties": {
        "origen_nombre": "Monasterio de Santa Cruz de la Serós",
        "origen_tipo": "Templo / Encomienda",
        "fecha_origen": 992,
        "subcapa": "align_solar",
        "etiqueta_alineacion": "☀️ Solsticio de Invierno",
        "acimut_grados": 118.0,
        "explicacion_alineacion": "Eje orientado a la salida del Sol en el Solsticio de Invierno en el año 992 (Az 118.0°)."
      }
    },
    {
      "type": "Feature",
      "geometry": {
        "type": "LineString",
        "coordinates": [
          [
            -0.5497,
            42.5706
          ],
          [
            -0.4042748717882528,
            42.66679031779333
          ]
        ]
      },
      "properties": {
        "origen_nombre": "Iglesia de Santiago, Jaca",
        "origen_tipo": "Templo / Encomienda",
        "fecha_origen": 1150,
        "subcapa": "align_stellar",
        "etiqueta_alineacion": "⭐ Puntería a Arturo (Boötes)",
        "acimut_grados": 48.0,
        "explicacion_alineacion": "Eje astronómico proyectado exactamente hacia la salida de Arturo (Boötes) en el año 1150 (Az 48.0°)."
      }
    },
    {
      "type": "Feature",
      "geometry": {
        "type": "LineString",
        "coordinates": [
          [
            -0.1333,
            42.2167
          ],
          [
            0.06098774290588491,
            42.216536070933245
          ]
        ]
      },
      "properties": {
        "origen_nombre": "Ermita de Santa Cilia de Panzano",
        "origen_tipo": "Templo / Encomienda",
        "fecha_origen": 1100,
        "subcapa": "align_solar",
        "etiqueta_alineacion": "☀️ Equinoccio (Este Puro)",
        "acimut_grados": 90.0,
        "explicacion_alineacion": "Eje de orientación equinoccial exacta hacia el orto solar (Az 90.0°)."
      }
    },
    {
      "type": "Feature",
      "geometry": {
        "type": "LineString",
        "coordinates": [
          [
            -1.1725,
            42.6528
          ],
          [
            -0.999568237757833,
            42.72022298372161
          ]
        ]
      },
      "properties": {
        "origen_nombre": "Monasterio de Leyre (San Salvador)",
        "origen_tipo": "Templo / Encomienda",
        "fecha_origen": 842,
        "subcapa": "align_solar",
        "etiqueta_alineacion": "☀️ Solsticio de Verano",
        "acimut_grados": 62.0,
        "explicacion_alineacion": "Eje orientado a la salida del Sol en el Solsticio de Verano en el año 842 (Az 62.0°)."
      }
    },
    {
      "type": "Feature",
      "geometry": {
        "type": "LineString",
        "coordinates": [
          [
            -1.2839,
            42.57
          ],
          [
            -1.1115721972743096,
            42.50231785701724
          ]
        ]
      },
      "properties": {
        "origen_nombre": "Iglesia de Santa María, Sangüesa",
        "origen_tipo": "Templo / Encomienda",
        "fecha_origen": 1131,
        "subcapa": "align_solar",
        "etiqueta_alineacion": "☀️ Solsticio de Invierno",
        "acimut_grados": 118.0,
        "explicacion_alineacion": "Eje orientado a la salida del Sol en el Solsticio de Invierno en el año 1131 (Az 118.0°)."
      }
    },
    {
      "type": "Feature",
      "geometry": {
        "type": "LineString",
        "coordinates": [
          [
            -0.3763,
            39.4751
          ],
          [
            -0.23757700624335742,
            39.5712998245404
          ]
        ]
      },
      "properties": {
        "origen_nombre": "Catedral de Valencia (La Seu)",
        "origen_tipo": "Templo / Encomienda",
        "fecha_origen": 1238,
        "subcapa": "align_stellar",
        "etiqueta_alineacion": "⭐ Puntería a Arturo (Boötes)",
        "acimut_grados": 48.0,
        "explicacion_alineacion": "Eje astronómico proyectado exactamente hacia la salida de Arturo (Boötes) en el año 1238 (Az 48.0°)."
      }
    },
    {
      "type": "Feature",
      "geometry": {
        "type": "LineString",
        "coordinates": [
          [
            -0.3761,
            39.4744
          ],
          [
            -0.1896903247224977,
            39.474251192170705
          ]
        ]
      },
      "properties": {
        "origen_nombre": "Basílica de la Virgen, Valencia",
        "origen_tipo": "Templo / Encomienda",
        "fecha_origen": 1262,
        "subcapa": "align_solar",
        "etiqueta_alineacion": "☀️ Equinoccio (Este Puro)",
        "acimut_grados": 90.0,
        "explicacion_alineacion": "Eje de orientación equinoccial exacta hacia el orto solar (Az 90.0°)."
      }
    },
    {
      "type": "Feature",
      "geometry": {
        "type": "LineString",
        "coordinates": [
          [
            -0.3753,
            39.4733
          ],
          [
            -0.21055253306884136,
            39.54073677339086
          ]
        ]
      },
      "properties": {
        "origen_nombre": "Hospital General de Valencia",
        "origen_tipo": "Templo / Encomienda",
        "fecha_origen": 1482,
        "subcapa": "align_solar",
        "etiqueta_alineacion": "☀️ Solsticio de Verano",
        "acimut_grados": 62.0,
        "explicacion_alineacion": "Eje orientado a la salida del Sol en el Solsticio de Verano en el año 1482 (Az 62.0°)."
      }
    },
    {
      "type": "Feature",
      "geometry": {
        "type": "LineString",
        "coordinates": [
          [
            -1.1017,
            39.4872
          ],
          [
            -0.9372393730088627,
            39.41953115780937
          ]
        ]
      },
      "properties": {
        "origen_nombre": "Ermita de San Blas, Requena",
        "origen_tipo": "Templo / Encomienda",
        "fecha_origen": 1150,
        "subcapa": "align_solar",
        "etiqueta_alineacion": "☀️ Solsticio de Invierno",
        "acimut_grados": 118.0,
        "explicacion_alineacion": "Eje orientado a la salida del Sol en el Solsticio de Invierno en el año 1150 (Az 118.0°)."
      }
    },
    {
      "type": "Feature",
      "geometry": {
        "type": "LineString",
        "coordinates": [
          [
            -2.1294,
            40.0789
          ],
          [
            -1.989450417028149,
            40.175098039164524
          ]
        ]
      },
      "properties": {
        "origen_nombre": "Iglesia del Salvador, Cuenca",
        "origen_tipo": "Templo / Encomienda",
        "fecha_origen": 1254,
        "subcapa": "align_stellar",
        "etiqueta_alineacion": "⭐ Puntería a Arturo (Boötes)",
        "acimut_grados": 48.0,
        "explicacion_alineacion": "Eje astronómico proyectado exactamente hacia la salida de Arturo (Boötes) en el año 1254 (Az 48.0°)."
      }
    },
    {
      "type": "Feature",
      "geometry": {
        "type": "LineString",
        "coordinates": [
          [
            -2.1303,
            40.0797
          ],
          [
            -1.9422436396003506,
            40.07954796037853
          ]
        ]
      },
      "properties": {
        "origen_nombre": "Catedral de Cuenca",
        "origen_tipo": "Templo / Encomienda",
        "fecha_origen": 1196,
        "subcapa": "align_solar",
        "etiqueta_alineacion": "☀️ Equinoccio (Este Puro)",
        "acimut_grados": 90.0,
        "explicacion_alineacion": "Eje de orientación equinoccial exacta hacia el orto solar (Az 90.0°)."
      }
    },
    {
      "type": "Feature",
      "geometry": {
        "type": "LineString",
        "coordinates": [
          [
            -2.3,
            40.45
          ],
          [
            -2.1328765195164263,
            40.51743267775999
          ]
        ]
      },
      "properties": {
        "origen_nombre": "Ermita de las Angustias, Priego",
        "origen_tipo": "Templo / Encomienda",
        "fecha_origen": 1100,
        "subcapa": "align_solar",
        "etiqueta_alineacion": "☀️ Solsticio de Verano",
        "acimut_grados": 62.0,
        "explicacion_alineacion": "Eje orientado a la salida del Sol en el Solsticio de Verano en el año 1100 (Az 62.0°)."
      }
    },
    {
      "type": "Feature",
      "geometry": {
        "type": "LineString",
        "coordinates": [
          [
            -2.6375,
            41.0667
          ],
          [
            -2.469161359805116,
            40.99902449841381
          ]
        ]
      },
      "properties": {
        "origen_nombre": "Iglesia de San Pedro, Sigüenza",
        "origen_tipo": "Templo / Encomienda",
        "fecha_origen": 1124,
        "subcapa": "align_solar",
        "etiqueta_alineacion": "☀️ Solsticio de Invierno",
        "acimut_grados": 118.0,
        "explicacion_alineacion": "Eje orientado a la salida del Sol en el Solsticio de Invierno en el año 1124 (Az 118.0°)."
      }
    },
    {
      "type": "Feature",
      "geometry": {
        "type": "LineString",
        "coordinates": [
          [
            -2.6378,
            41.0664
          ],
          [
            -2.4957624997573498,
            41.162595049553055
          ]
        ]
      },
      "properties": {
        "origen_nombre": "Catedral de Sigüenza",
        "origen_tipo": "Templo / Encomienda",
        "fecha_origen": 1124,
        "subcapa": "align_stellar",
        "etiqueta_alineacion": "⭐ Puntería a Arturo (Boötes)",
        "acimut_grados": 48.0,
        "explicacion_alineacion": "Eje astronómico proyectado exactamente hacia la salida de Arturo (Boötes) en el año 1124 (Az 48.0°)."
      }
    },
    {
      "type": "Feature",
      "geometry": {
        "type": "LineString",
        "coordinates": [
          [
            -3.15,
            40.8
          ],
          [
            -2.9599178713495706,
            40.79984403884768
          ]
        ]
      },
      "properties": {
        "origen_nombre": "Monasterio de Sopetrán",
        "origen_tipo": "Templo / Encomienda",
        "fecha_origen": 1047,
        "subcapa": "align_solar",
        "etiqueta_alineacion": "☀️ Equinoccio (Este Puro)",
        "acimut_grados": 90.0,
        "explicacion_alineacion": "Eje de orientación equinoccial exacta hacia el orto solar (Az 90.0°)."
      }
    },
    {
      "type": "Feature",
      "geometry": {
        "type": "LineString",
        "coordinates": [
          [
            -8.7333,
            42.9
          ],
          [
            -8.559674887985063,
            42.96742185325214
          ]
        ]
      },
      "properties": {
        "origen_nombre": "Hospital de Peregrinos, Negreira",
        "origen_tipo": "Templo / Encomienda",
        "fecha_origen": 1250,
        "subcapa": "align_solar",
        "etiqueta_alineacion": "☀️ Solsticio de Verano",
        "acimut_grados": 62.0,
        "explicacion_alineacion": "Eje orientado a la salida del Sol en el Solsticio de Verano en el año 1250 (Az 62.0°)."
      }
    },
    {
      "type": "Feature",
      "geometry": {
        "type": "LineString",
        "coordinates": [
          [
            -8.7328,
            42.9003
          ],
          [
            -8.559554081435776,
            42.83261635508983
          ]
        ]
      },
      "properties": {
        "origen_nombre": "Iglesia de San Xoán, Negreira",
        "origen_tipo": "Templo / Encomienda",
        "fecha_origen": 1150,
        "subcapa": "align_solar",
        "etiqueta_alineacion": "☀️ Solsticio de Invierno",
        "acimut_grados": 118.0,
        "explicacion_alineacion": "Eje orientado a la salida del Sol en el Solsticio de Invierno en el año 1150 (Az 118.0°)."
      }
    },
    {
      "type": "Feature",
      "geometry": {
        "type": "LineString",
        "coordinates": [
          [
            -9.0167,
            42.9167
          ],
          [
            -8.870457990808713,
            43.01288919671732
          ]
        ]
      },
      "properties": {
        "origen_nombre": "Ermita de San Pedro Mártir, Olveiroa",
        "origen_tipo": "Templo / Encomienda",
        "fecha_origen": 1200,
        "subcapa": "align_stellar",
        "etiqueta_alineacion": "⭐ Puntería a Arturo (Boötes)",
        "acimut_grados": 48.0,
        "explicacion_alineacion": "Eje astronómico proyectado exactamente hacia la salida de Arturo (Boötes) en el año 1200 (Az 48.0°)."
      }
    },
    {
      "type": "Feature",
      "geometry": {
        "type": "LineString",
        "coordinates": [
          [
            -9.2567,
            42.9019
          ],
          [
            -9.060266958056486,
            42.90173208810785
          ]
        ]
      },
      "properties": {
        "origen_nombre": "Iglesia de Santa María das Areas, Finisterre",
        "origen_tipo": "Templo / Encomienda",
        "fecha_origen": 1200,
        "subcapa": "align_solar",
        "etiqueta_alineacion": "☀️ Equinoccio (Este Puro)",
        "acimut_grados": 90.0,
        "explicacion_alineacion": "Eje de orientación equinoccial exacta hacia el orto solar (Az 90.0°)."
      }
    },
    {
      "type": "Feature",
      "geometry": {
        "type": "LineString",
        "coordinates": [
          [
            -9.2214,
            43.1036
          ],
          [
            -9.047197195004141,
            43.17102091532534
          ]
        ]
      },
      "properties": {
        "origen_nombre": "Santuario de la Barca, Muxía",
        "origen_tipo": "Templo / Encomienda",
        "fecha_origen": 1000,
        "subcapa": "align_solar",
        "etiqueta_alineacion": "☀️ Solsticio de Verano",
        "acimut_grados": 62.0,
        "explicacion_alineacion": "Eje orientado a la salida del Sol en el Solsticio de Verano en el año 1000 (Az 62.0°)."
      }
    },
    {
      "type": "Feature",
      "geometry": {
        "type": "LineString",
        "coordinates": [
          [
            -9.2694,
            42.8903
          ],
          [
            -9.09618210608717,
            42.822616400796576
          ]
        ]
      },
      "properties": {
        "origen_nombre": "Ermita de San Guillerme de Fisterra",
        "origen_tipo": "Templo / Encomienda",
        "fecha_origen": 900,
        "subcapa": "align_solar",
        "etiqueta_alineacion": "☀️ Solsticio de Invierno",
        "acimut_grados": 118.0,
        "explicacion_alineacion": "Eje orientado a la salida del Sol en el Solsticio de Invierno en el año 900 (Az 118.0°)."
      }
    },
    {
      "type": "Feature",
      "geometry": {
        "type": "LineString",
        "coordinates": [
          [
            -8.2167,
            39.4667
          ],
          [
            -8.077993810483049,
            39.56289984915813
          ]
        ]
      },
      "properties": {
        "origen_nombre": "Castillo Templario de Almourol (Portugal)",
        "origen_tipo": "Templo / Encomienda",
        "fecha_origen": 1171,
        "subcapa": "align_stellar",
        "etiqueta_alineacion": "⭐ Puntería a Arturo (Boötes)",
        "acimut_grados": 48.0,
        "explicacion_alineacion": "Eje astronómico proyectado exactamente hacia la salida de Arturo (Boötes) en el año 1171 (Az 48.0°)."
      }
    },
    {
      "type": "Feature",
      "geometry": {
        "type": "LineString",
        "coordinates": [
          [
            -8.4131,
            39.6042
          ],
          [
            -8.226341397208664,
            39.60405050391829
          ]
        ]
      },
      "properties": {
        "origen_nombre": "Castillo Templario de Tomar (Convento de Cristo)",
        "origen_tipo": "Templo / Encomienda",
        "fecha_origen": 1160,
        "subcapa": "align_solar",
        "etiqueta_alineacion": "☀️ Equinoccio (Este Puro)",
        "acimut_grados": 90.0,
        "explicacion_alineacion": "Eje de orientación equinoccial exacta hacia el orto solar (Az 90.0°)."
      }
    },
    {
      "type": "Feature",
      "geometry": {
        "type": "LineString",
        "coordinates": [
          [
            0.1919,
            41.9125
          ],
          [
            0.3628069456275217,
            41.979926316101924
          ]
        ]
      },
      "properties": {
        "origen_nombre": "Castillo Templario de Monzón",
        "origen_tipo": "Templo / Encomienda",
        "fecha_origen": 1143,
        "subcapa": "align_solar",
        "etiqueta_alineacion": "☀️ Solsticio de Verano",
        "acimut_grados": 62.0,
        "explicacion_alineacion": "Eje orientado a la salida del Sol en el Solsticio de Verano en el año 1143 (Az 62.0°)."
      }
    },
    {
      "type": "Feature",
      "geometry": {
        "type": "LineString",
        "coordinates": [
          [
            0.5611,
            41.01
          ],
          [
            0.7292940392360298,
            40.94232474292673
          ]
        ]
      },
      "properties": {
        "origen_nombre": "Castillo Templario de Miravet",
        "origen_tipo": "Templo / Encomienda",
        "fecha_origen": 1153,
        "subcapa": "align_solar",
        "etiqueta_alineacion": "☀️ Solsticio de Invierno",
        "acimut_grados": 118.0,
        "explicacion_alineacion": "Eje orientado a la salida del Sol en el Solsticio de Invierno en el año 1153 (Az 118.0°)."
      }
    },
    {
      "type": "Feature",
      "geometry": {
        "type": "LineString",
        "coordinates": [
          [
            -3.8333,
            38.7222
          ],
          [
            -3.696055553724285,
            38.81840200773555
          ]
        ]
      },
      "properties": {
        "origen_nombre": "Castillo Templario de Calatrava la Nueva",
        "origen_tipo": "Templo / Encomienda",
        "fecha_origen": 1150,
        "subcapa": "align_stellar",
        "etiqueta_alineacion": "⭐ Puntería a Arturo (Boötes)",
        "acimut_grados": 48.0,
        "explicacion_alineacion": "Eje astronómico proyectado exactamente hacia la salida de Arturo (Boötes) en el año 1150 (Az 48.0°)."
      }
    },
    {
      "type": "Feature",
      "geometry": {
        "type": "LineString",
        "coordinates": [
          [
            -2.8667,
            40.0
          ],
          [
            -2.6788633212704256,
            39.99984838917475
          ]
        ]
      },
      "properties": {
        "origen_nombre": "Castillo Templario de Ucles",
        "origen_tipo": "Templo / Encomienda",
        "fecha_origen": 1174,
        "subcapa": "align_solar",
        "etiqueta_alineacion": "☀️ Equinoccio (Este Puro)",
        "acimut_grados": 90.0,
        "explicacion_alineacion": "Eje de orientación equinoccial exacta hacia el orto solar (Az 90.0°)."
      }
    },
    {
      "type": "Feature",
      "geometry": {
        "type": "LineString",
        "coordinates": [
          [
            -5.9833,
            40.7833
          ],
          [
            -5.815338679839026,
            40.850731252795484
          ]
        ]
      },
      "properties": {
        "origen_nombre": "Castillo Templario de Villalba de los Llanos",
        "origen_tipo": "Templo / Encomienda",
        "fecha_origen": 1160,
        "subcapa": "align_solar",
        "etiqueta_alineacion": "☀️ Solsticio de Verano",
        "acimut_grados": 62.0,
        "explicacion_alineacion": "Eje orientado a la salida del Sol en el Solsticio de Verano en el año 1160 (Az 62.0°)."
      }
    },
    {
      "type": "Feature",
      "geometry": {
        "type": "LineString",
        "coordinates": [
          [
            -0.1317,
            41.0494
          ],
          [
            0.03659447650124194,
            40.98172457306284
          ]
        ]
      },
      "properties": {
        "origen_nombre": "Convento de Alcañiz (Templar)",
        "origen_tipo": "Templo / Encomienda",
        "fecha_origen": 1167,
        "subcapa": "align_solar",
        "etiqueta_alineacion": "☀️ Solsticio de Invierno",
        "acimut_grados": 118.0,
        "explicacion_alineacion": "Eje orientado a la salida del Sol en el Solsticio de Invierno en el año 1167 (Az 118.0°)."
      }
    },
    {
      "type": "Feature",
      "geometry": {
        "type": "LineString",
        "coordinates": [
          [
            -5.3167,
            42.5167
          ],
          [
            -5.171400792493571,
            42.612890491259954
          ]
        ]
      },
      "properties": {
        "origen_nombre": "Castillo de Oseja (Templar)",
        "origen_tipo": "Templo / Encomienda",
        "fecha_origen": 1150,
        "subcapa": "align_stellar",
        "etiqueta_alineacion": "⭐ Puntería a Arturo (Boötes)",
        "acimut_grados": 48.0,
        "explicacion_alineacion": "Eje astronómico proyectado exactamente hacia la salida de Arturo (Boötes) en el año 1150 (Az 48.0°)."
      }
    },
    {
      "type": "Feature",
      "geometry": {
        "type": "LineString",
        "coordinates": [
          [
            -4.55,
            41.6833
          ],
          [
            -4.357331222587011,
            41.683139112012995
          ]
        ]
      },
      "properties": {
        "origen_nombre": "Monasterio de Palazuelos (Templar/Cisterciense)",
        "origen_tipo": "Templo / Encomienda",
        "fecha_origen": 1151,
        "subcapa": "align_solar",
        "etiqueta_alineacion": "☀️ Equinoccio (Este Puro)",
        "acimut_grados": 90.0,
        "explicacion_alineacion": "Eje de orientación equinoccial exacta hacia el orto solar (Az 90.0°)."
      }
    },
    {
      "type": "Feature",
      "geometry": {
        "type": "LineString",
        "coordinates": [
          [
            -8.4131,
            39.6039
          ],
          [
            -8.248041511800837,
            39.67133623248232
          ]
        ]
      },
      "properties": {
        "origen_nombre": "Castelo de Tomar (Convento de Cristo)",
        "origen_tipo": "Templo / Encomienda",
        "fecha_origen": 1160,
        "subcapa": "align_solar",
        "etiqueta_alineacion": "☀️ Solsticio de Verano",
        "acimut_grados": 62.0,
        "explicacion_alineacion": "Eje orientado a la salida del Sol en el Solsticio de Verano en el año 1160 (Az 62.0°)."
      }
    },
    {
      "type": "Feature",
      "geometry": {
        "type": "LineString",
        "coordinates": [
          [
            -8.384,
            39.4627
          ],
          [
            -8.219597142778614,
            39.395031258702545
          ]
        ]
      },
      "properties": {
        "origen_nombre": "Castelo de Almourol",
        "origen_tipo": "Templo / Encomienda",
        "fecha_origen": 1171,
        "subcapa": "align_solar",
        "etiqueta_alineacion": "☀️ Solsticio de Invierno",
        "acimut_grados": 118.0,
        "explicacion_alineacion": "Eje orientado a la salida del Sol en el Solsticio de Invierno en el año 1171 (Az 118.0°)."
      }
    },
    {
      "type": "Feature",
      "geometry": {
        "type": "LineString",
        "coordinates": [
          [
            -8.4072,
            39.6033
          ],
          [
            -8.26821966416806,
            39.69949944808459
          ]
        ]
      },
      "properties": {
        "origen_nombre": "Igreja de Santa Maria do Olival (Tomar)",
        "origen_tipo": "Templo / Encomienda",
        "fecha_origen": 1160,
        "subcapa": "align_stellar",
        "etiqueta_alineacion": "⭐ Puntería a Arturo (Boötes)",
        "acimut_grados": 48.0,
        "explicacion_alineacion": "Eje astronómico proyectado exactamente hacia la salida de Arturo (Boötes) en el año 1160 (Az 48.0°)."
      }
    },
    {
      "type": "Feature",
      "geometry": {
        "type": "LineString",
        "coordinates": [
          [
            -8.6275,
            40.0617
          ],
          [
            -8.43949333074775,
            40.061548057308514
          ]
        ]
      },
      "properties": {
        "origen_nombre": "Castelo de Soure",
        "origen_tipo": "Templo / Encomienda",
        "fecha_origen": 1128,
        "subcapa": "align_solar",
        "etiqueta_alineacion": "☀️ Equinoccio (Este Puro)",
        "acimut_grados": 90.0,
        "explicacion_alineacion": "Eje de orientación equinoccial exacta hacia el orto solar (Az 90.0°)."
      }
    },
    {
      "type": "Feature",
      "geometry": {
        "type": "LineString",
        "coordinates": [
          [
            -4.1311,
            40.9553
          ],
          [
            -3.9627007798883787,
            41.02273051182386
          ]
        ]
      },
      "properties": {
        "origen_nombre": "Iglesia de la Vera Cruz (Segovia)",
        "origen_tipo": "Templo / Encomienda",
        "fecha_origen": 1208,
        "subcapa": "align_solar",
        "etiqueta_alineacion": "☀️ Solsticio de Verano",
        "acimut_grados": 62.0,
        "explicacion_alineacion": "Eje orientado a la salida del Sol en el Solsticio de Verano en el año 1208 (Az 62.0°)."
      }
    },
    {
      "type": "Feature",
      "geometry": {
        "type": "LineString",
        "coordinates": [
          [
            -2.455,
            41.7681
          ],
          [
            -2.2848379263240144,
            41.70042143838212
          ]
        ]
      },
      "properties": {
        "origen_nombre": "Monasterio de San Juan de Duero (Soria)",
        "origen_tipo": "Templo / Encomienda",
        "fecha_origen": 1188,
        "subcapa": "align_solar",
        "etiqueta_alineacion": "☀️ Solsticio de Invierno",
        "acimut_grados": 118.0,
        "explicacion_alineacion": "Eje orientado a la salida del Sol en el Solsticio de Invierno en el año 1188 (Az 118.0°)."
      }
    },
    {
      "type": "Feature",
      "geometry": {
        "type": "LineString",
        "coordinates": [
          [
            -4.5425,
            42.3169
          ],
          [
            -4.3976645517450645,
            42.413091131668644
          ]
        ]
      },
      "properties": {
        "origen_nombre": "Iglesia de Santa María la Blanca (Villalcázar de Sirga)",
        "origen_tipo": "Templo / Encomienda",
        "fecha_origen": 1170,
        "subcapa": "align_stellar",
        "etiqueta_alineacion": "⭐ Puntería a Arturo (Boötes)",
        "acimut_grados": 48.0,
        "explicacion_alineacion": "Eje astronómico proyectado exactamente hacia la salida de Arturo (Boötes) en el año 1170 (Az 48.0°)."
      }
    },
    {
      "type": "Feature",
      "geometry": {
        "type": "LineString",
        "coordinates": [
          [
            0.59,
            41.04
          ],
          [
            0.7807735688440498,
            41.03984271330475
          ]
        ]
      },
      "properties": {
        "origen_nombre": "Castillo de Miravet",
        "origen_tipo": "Templo / Encomienda",
        "fecha_origen": 1153,
        "subcapa": "align_solar",
        "etiqueta_alineacion": "☀️ Equinoccio (Este Puro)",
        "acimut_grados": 90.0,
        "explicacion_alineacion": "Eje de orientación equinoccial exacta hacia el orto solar (Az 90.0°)."
      }
    },
    {
      "type": "Feature",
      "geometry": {
        "type": "LineString",
        "coordinates": [
          [
            0.1931,
            41.9103
          ],
          [
            0.3640010413565024,
            41.97772632588896
          ]
        ]
      },
      "properties": {
        "origen_nombre": "Castillo de Monzón",
        "origen_tipo": "Templo / Encomienda",
        "fecha_origen": 1143,
        "subcapa": "align_solar",
        "etiqueta_alineacion": "☀️ Solsticio de Verano",
        "acimut_grados": 62.0,
        "explicacion_alineacion": "Eje orientado a la salida del Sol en el Solsticio de Verano en el año 1143 (Az 62.0°)."
      }
    },
    {
      "type": "Feature",
      "geometry": {
        "type": "LineString",
        "coordinates": [
          [
            0.6146,
            41.6086
          ],
          [
            0.7843417200830345,
            41.540922140056985
          ]
        ]
      },
      "properties": {
        "origen_nombre": "Castillo de Gardeny (Lleida)",
        "origen_tipo": "Templo / Encomienda",
        "fecha_origen": 1156,
        "subcapa": "align_solar",
        "etiqueta_alineacion": "☀️ Solsticio de Invierno",
        "acimut_grados": 118.0,
        "explicacion_alineacion": "Eje orientado a la salida del Sol en el Solsticio de Invierno en el año 1156 (Az 118.0°)."
      }
    },
    {
      "type": "Feature",
      "geometry": {
        "type": "LineString",
        "coordinates": [
          [
            -6.7725,
            38.3208
          ],
          [
            -6.636021455347614,
            38.417003152872724
          ]
        ]
      },
      "properties": {
        "origen_nombre": "Castillo de Jerez de los Caballeros",
        "origen_tipo": "Templo / Encomienda",
        "fecha_origen": 1238,
        "subcapa": "align_stellar",
        "etiqueta_alineacion": "⭐ Puntería a Arturo (Boötes)",
        "acimut_grados": 48.0,
        "explicacion_alineacion": "Eje astronómico proyectado exactamente hacia la salida de Arturo (Boötes) en el año 1238 (Az 48.0°)."
      }
    },
    {
      "type": "Feature",
      "geometry": {
        "type": "LineString",
        "coordinates": [
          [
            -1.8647,
            38.1064
          ],
          [
            -1.6818337257162543,
            38.10625829401693
          ]
        ]
      },
      "properties": {
        "origen_nombre": "Castillo de Caravaca de la Cruz",
        "origen_tipo": "Templo / Encomienda",
        "fecha_origen": 1229,
        "subcapa": "align_solar",
        "etiqueta_alineacion": "☀️ Equinoccio (Este Puro)",
        "acimut_grados": 90.0,
        "explicacion_alineacion": "Eje de orientación equinoccial exacta hacia el orto solar (Az 90.0°)."
      }
    },
    {
      "type": "Feature",
      "geometry": {
        "type": "LineString",
        "coordinates": [
          [
            -6.6978,
            42.4939
          ],
          [
            -6.525309316059767,
            42.5613237056401
          ]
        ]
      },
      "properties": {
        "origen_nombre": "Castillo de Cornatel (Priaranza del Bierzo)",
        "origen_tipo": "Templo / Encomienda",
        "fecha_origen": 1211,
        "subcapa": "align_solar",
        "etiqueta_alineacion": "☀️ Solsticio de Verano",
        "acimut_grados": 62.0,
        "explicacion_alineacion": "Eje orientado a la salida del Sol en el Solsticio de Verano en el año 1211 (Az 62.0°)."
      }
    },
    {
      "type": "Feature",
      "geometry": {
        "type": "LineString",
        "coordinates": [
          [
            -2.5622,
            42.4328
          ],
          [
            -2.3902490355274635,
            42.36511847622741
          ]
        ]
      },
      "properties": {
        "origen_nombre": "Hospital de Peregrinos de San Juan de Acre (Navarrete)",
        "origen_tipo": "Templo / Encomienda",
        "fecha_origen": 1185,
        "subcapa": "align_solar",
        "etiqueta_alineacion": "☀️ Solsticio de Invierno",
        "acimut_grados": 118.0,
        "explicacion_alineacion": "Eje orientado a la salida del Sol en el Solsticio de Invierno en el año 1185 (Az 118.0°)."
      }
    },
    {
      "type": "Feature",
      "geometry": {
        "type": "LineString",
        "coordinates": [
          [
            -5.5706,
            42.6003
          ],
          [
            -5.4251053385460235,
            42.6964902220811
          ]
        ]
      },
      "properties": {
        "origen_nombre": "Colegiata de San Isidoro de León",
        "origen_tipo": "Templo / Encomienda",
        "fecha_origen": 1063,
        "subcapa": "align_stellar",
        "etiqueta_alineacion": "⭐ Puntería a Arturo (Boötes)",
        "acimut_grados": 48.0,
        "explicacion_alineacion": "Eje astronómico proyectado exactamente hacia la salida de Arturo (Boötes) en el año 1063 (Az 48.0°)."
      }
    },
    {
      "type": "Feature",
      "geometry": {
        "type": "LineString",
        "coordinates": [
          [
            -6.7061,
            42.5708
          ],
          [
            -6.510712975544966,
            42.57063402359967
          ]
        ]
      },
      "properties": {
        "origen_nombre": "Monasterio de Santa María de Carracedo",
        "origen_tipo": "Templo / Encomienda",
        "fecha_origen": 990,
        "subcapa": "align_solar",
        "etiqueta_alineacion": "☀️ Equinoccio (Este Puro)",
        "acimut_grados": 90.0,
        "explicacion_alineacion": "Eje de orientación equinoccial exacta hacia el orto solar (Az 90.0°)."
      }
    },
    {
      "type": "Feature",
      "geometry": {
        "type": "LineString",
        "coordinates": [
          [
            -6.5397,
            42.4267
          ],
          [
            -6.3673947770084025,
            42.49412400983901
          ]
        ]
      },
      "properties": {
        "origen_nombre": "Iglesia de Santiago de Peñalba",
        "origen_tipo": "Templo / Encomienda",
        "fecha_origen": 937,
        "subcapa": "align_solar",
        "etiqueta_alineacion": "☀️ Solsticio de Verano",
        "acimut_grados": 62.0,
        "explicacion_alineacion": "Eje orientado a la salida del Sol en el Solsticio de Verano en el año 937 (Az 62.0°)."
      }
    },
    {
      "type": "Feature",
      "geometry": {
        "type": "LineString",
        "coordinates": [
          [
            -5.3939,
            41.5206
          ],
          [
            -5.224388750009151,
            41.45292252570762
          ]
        ]
      },
      "properties": {
        "origen_nombre": "Colegiata de Santa María la Mayor de Toro",
        "origen_tipo": "Templo / Encomienda",
        "fecha_origen": 1160,
        "subcapa": "align_solar",
        "etiqueta_alineacion": "☀️ Solsticio de Invierno",
        "acimut_grados": 118.0,
        "explicacion_alineacion": "Eje orientado a la salida del Sol en el Solsticio de Invierno en el año 1160 (Az 118.0°)."
      }
    },
    {
      "type": "Feature",
      "geometry": {
        "type": "LineString",
        "coordinates": [
          [
            -5.5819,
            42.6019
          ],
          [
            -5.436401589649867,
            42.698090216922296
          ]
        ]
      },
      "properties": {
        "origen_nombre": "Hospital de San Marcos de León",
        "origen_tipo": "Templo / Encomienda",
        "fecha_origen": 1152,
        "subcapa": "align_stellar",
        "etiqueta_alineacion": "⭐ Puntería a Arturo (Boötes)",
        "acimut_grados": 48.0,
        "explicacion_alineacion": "Eje astronómico proyectado exactamente hacia la salida de Arturo (Boötes) en el año 1152 (Az 48.0°)."
      }
    },
    {
      "type": "Feature",
      "geometry": {
        "type": "LineString",
        "coordinates": [
          [
            -3.3131,
            42.3886
          ],
          [
            -3.118281082577804,
            42.3884350799277
          ]
        ]
      },
      "properties": {
        "origen_nombre": "Hospital de San Antonio Abad (Villafranca Montes de Oca)",
        "origen_tipo": "Templo / Encomienda",
        "fecha_origen": 1380,
        "subcapa": "align_solar",
        "etiqueta_alineacion": "☀️ Equinoccio (Este Puro)",
        "acimut_grados": 90.0,
        "explicacion_alineacion": "Eje de orientación equinoccial exacta hacia el orto solar (Az 90.0°)."
      }
    },
    {
      "type": "Feature",
      "geometry": {
        "type": "LineString",
        "coordinates": [
          [
            -6.5966,
            42.5476
          ],
          [
            -6.423960654782971,
            42.61502346208117
          ]
        ]
      },
      "properties": {
        "origen_nombre": "Ponferrada",
        "origen_tipo": "Templo / Encomienda",
        "fecha_origen": 1178,
        "subcapa": "align_solar",
        "etiqueta_alineacion": "☀️ Solsticio de Verano",
        "acimut_grados": 62.0,
        "explicacion_alineacion": "Eje orientado a la salida del Sol en el Solsticio de Verano en el año 1178 (Az 62.0°)."
      }
    },
    {
      "type": "Feature",
      "geometry": {
        "type": "LineString",
        "coordinates": [
          [
            -4.5654,
            42.2887
          ],
          [
            -4.393841998329513,
            42.22101912367337
          ]
        ]
      },
      "properties": {
        "origen_nombre": "Villalcazar de Sirga",
        "origen_tipo": "Templo / Encomienda",
        "fecha_origen": 1162,
        "subcapa": "align_solar",
        "etiqueta_alineacion": "☀️ Solsticio de Invierno",
        "acimut_grados": 118.0,
        "explicacion_alineacion": "Eje orientado a la salida del Sol en el Solsticio de Invierno en el año 1162 (Az 118.0°)."
      }
    },
    {
      "type": "Feature",
      "geometry": {
        "type": "LineString",
        "coordinates": [
          [
            -4.6031,
            42.3383
          ],
          [
            -4.458215105617707,
            42.43449106327177
          ]
        ]
      },
      "properties": {
        "origen_nombre": "Carrion de los Condes",
        "origen_tipo": "Templo / Encomienda",
        "fecha_origen": 1150,
        "subcapa": "align_stellar",
        "etiqueta_alineacion": "⭐ Puntería a Arturo (Boötes)",
        "acimut_grados": 48.0,
        "explicacion_alineacion": "Eje astronómico proyectado exactamente hacia la salida de Arturo (Boötes) en el año 1150 (Az 48.0°)."
      }
    },
    {
      "type": "Feature",
      "geometry": {
        "type": "LineString",
        "coordinates": [
          [
            -5.0481,
            41.9834
          ],
          [
            -4.854525765096122,
            41.98323740731586
          ]
        ]
      },
      "properties": {
        "origen_nombre": "Temple de Ceinos",
        "origen_tipo": "Templo / Encomienda",
        "fecha_origen": 1148,
        "subcapa": "align_solar",
        "etiqueta_alineacion": "☀️ Equinoccio (Este Puro)",
        "acimut_grados": 90.0,
        "explicacion_alineacion": "Eje de orientación equinoccial exacta hacia el orto solar (Az 90.0°)."
      }
    },
    {
      "type": "Feature",
      "geometry": {
        "type": "LineString",
        "coordinates": [
          [
            -5.8803,
            42.4881
          ],
          [
            -5.707825348204357,
            42.55552373192119
          ]
        ]
      },
      "properties": {
        "origen_nombre": "Hospital de Orbigo",
        "origen_tipo": "Templo / Encomienda",
        "fecha_origen": 1100,
        "subcapa": "align_solar",
        "etiqueta_alineacion": "☀️ Solsticio de Verano",
        "acimut_grados": 62.0,
        "explicacion_alineacion": "Eje orientado a la salida del Sol en el Solsticio de Verano en el año 1100 (Az 62.0°)."
      }
    },
    {
      "type": "Feature",
      "geometry": {
        "type": "LineString",
        "coordinates": [
          [
            0.1856,
            41.9097
          ],
          [
            0.35613811119586636,
            41.842020812530414
          ]
        ]
      },
      "properties": {
        "origen_nombre": "Monzon",
        "origen_tipo": "Templo / Encomienda",
        "fecha_origen": 1143,
        "subcapa": "align_solar",
        "etiqueta_alineacion": "☀️ Solsticio de Invierno",
        "acimut_grados": 118.0,
        "explicacion_alineacion": "Eje orientado a la salida del Sol en el Solsticio de Invierno en el año 1143 (Az 118.0°)."
      }
    },
    {
      "type": "Feature",
      "geometry": {
        "type": "LineString",
        "coordinates": [
          [
            -2.4475,
            42.4667
          ],
          [
            -2.3023172924625266,
            42.562890651906955
          ]
        ]
      },
      "properties": {
        "origen_nombre": "Logrono",
        "origen_tipo": "Templo / Encomienda",
        "fecha_origen": 1170,
        "subcapa": "align_stellar",
        "etiqueta_alineacion": "⭐ Puntería a Arturo (Boötes)",
        "acimut_grados": 48.0,
        "explicacion_alineacion": "Eje astronómico proyectado exactamente hacia la salida de Arturo (Boötes) en el año 1170 (Az 48.0°)."
      }
    },
    {
      "type": "Feature",
      "geometry": {
        "type": "LineString",
        "coordinates": [
          [
            -3.8156,
            38.8734
          ],
          [
            -3.630776794801018,
            38.87325434583756
          ]
        ]
      },
      "properties": {
        "origen_nombre": "Calatrava la Vieja",
        "origen_tipo": "Templo / Encomienda",
        "fecha_origen": 1158,
        "subcapa": "align_solar",
        "etiqueta_alineacion": "☀️ Equinoccio (Este Puro)",
        "acimut_grados": 90.0,
        "explicacion_alineacion": "Eje de orientación equinoccial exacta hacia el orto solar (Az 90.0°)."
      }
    },
    {
      "type": "Feature",
      "geometry": {
        "type": "LineString",
        "coordinates": [
          [
            -6.8856,
            39.7234
          ],
          [
            -6.720255140325555,
            39.790835735752076
          ]
        ]
      },
      "properties": {
        "origen_nombre": "Alcantara",
        "origen_tipo": "Templo / Encomienda",
        "fecha_origen": 1218,
        "subcapa": "align_solar",
        "etiqueta_alineacion": "☀️ Solsticio de Verano",
        "acimut_grados": 62.0,
        "explicacion_alineacion": "Eje orientado a la salida del Sol en el Solsticio de Verano en el año 1218 (Az 62.0°)."
      }
    },
    {
      "type": "Feature",
      "geometry": {
        "type": "LineString",
        "coordinates": [
          [
            -1.645,
            42.8212
          ],
          [
            -1.4719753649969605,
            42.75351671622661
          ]
        ]
      },
      "properties": {
        "origen_nombre": "Pamplona",
        "origen_tipo": "Templo / Encomienda",
        "fecha_origen": 1140,
        "subcapa": "align_solar",
        "etiqueta_alineacion": "☀️ Solsticio de Invierno",
        "acimut_grados": 118.0,
        "explicacion_alineacion": "Eje orientado a la salida del Sol en el Solsticio de Invierno en el año 1140 (Az 118.0°)."
      }
    },
    {
      "type": "Feature",
      "geometry": {
        "type": "LineString",
        "coordinates": [
          [
            -1.8152,
            42.6719
          ],
          [
            -1.6695372748339914,
            42.76808999096356
          ]
        ]
      },
      "properties": {
        "origen_nombre": "Iglesia del Crucifijo (Puente la Reina)",
        "origen_tipo": "Templo / Encomienda",
        "fecha_origen": 1146,
        "subcapa": "align_stellar",
        "etiqueta_alineacion": "⭐ Puntería a Arturo (Boötes)",
        "acimut_grados": 48.0,
        "explicacion_alineacion": "Eje astronómico proyectado exactamente hacia la salida de Arturo (Boötes) en el año 1146 (Az 48.0°)."
      }
    },
    {
      "type": "Feature",
      "geometry": {
        "type": "LineString",
        "coordinates": [
          [
            -1.7619,
            42.6714
          ],
          [
            -1.566197028875532,
            42.67123343771085
          ]
        ]
      },
      "properties": {
        "origen_nombre": "Santa María de Eunate",
        "origen_tipo": "Templo / Encomienda",
        "fecha_origen": 1170,
        "subcapa": "align_solar",
        "etiqueta_alineacion": "☀️ Equinoccio (Este Puro)",
        "acimut_grados": 90.0,
        "explicacion_alineacion": "Eje de orientación equinoccial exacta hacia el orto solar (Az 90.0°)."
      }
    },
    {
      "type": "Feature",
      "geometry": {
        "type": "LineString",
        "coordinates": [
          [
            -3.056,
            41.7335
          ],
          [
            -2.885571297355187,
            41.800927110209244
          ]
        ]
      },
      "properties": {
        "origen_nombre": "San Bartolomé de Ucero (Cañón Río Lobos)",
        "origen_tipo": "Templo / Encomienda",
        "fecha_origen": 1190,
        "subcapa": "align_solar",
        "etiqueta_alineacion": "☀️ Solsticio de Verano",
        "acimut_grados": 62.0,
        "explicacion_alineacion": "Eje orientado a la salida del Sol en el Solsticio de Verano en el año 1190 (Az 62.0°)."
      }
    },
    {
      "type": "Feature",
      "geometry": {
        "type": "LineString",
        "coordinates": [
          [
            -2.2719,
            42.5528
          ],
          [
            -2.0996195841046643,
            42.485117934792974
          ]
        ]
      },
      "properties": {
        "origen_nombre": "Santo Sepulcro (Torres del Río)",
        "origen_tipo": "Templo / Encomienda",
        "fecha_origen": 1170,
        "subcapa": "align_solar",
        "etiqueta_alineacion": "☀️ Solsticio de Invierno",
        "acimut_grados": 118.0,
        "explicacion_alineacion": "Eje orientado a la salida del Sol en el Solsticio de Invierno en el año 1170 (Az 118.0°)."
      }
    },
    {
      "type": "Feature",
      "geometry": {
        "type": "LineString",
        "coordinates": [
          [
            -4.1352,
            42.3161
          ],
          [
            -3.9903663991522866,
            42.412291134224645
          ]
        ]
      },
      "properties": {
        "origen_nombre": "Iglesia de San Juan (Castrojeriz)",
        "origen_tipo": "Templo / Encomienda",
        "fecha_origen": 1214,
        "subcapa": "align_stellar",
        "etiqueta_alineacion": "⭐ Puntería a Arturo (Boötes)",
        "acimut_grados": 48.0,
        "explicacion_alineacion": "Eje astronómico proyectado exactamente hacia la salida de Arturo (Boötes) en el año 1214 (Az 48.0°)."
      }
    },
    {
      "type": "Feature",
      "geometry": {
        "type": "LineString",
        "coordinates": [
          [
            -6.5964,
            42.5408
          ],
          [
            -6.4011068804212545,
            42.54063419795219
          ]
        ]
      },
      "properties": {
        "origen_nombre": "Castillo de Ponferrada",
        "origen_tipo": "Templo / Encomienda",
        "fecha_origen": 1100,
        "subcapa": "align_solar",
        "etiqueta_alineacion": "☀️ Equinoccio (Este Puro)",
        "acimut_grados": 90.0,
        "explicacion_alineacion": "Eje de orientación equinoccial exacta hacia el orto solar (Az 90.0°)."
      }
    },
    {
      "type": "Feature",
      "geometry": {
        "type": "LineString",
        "coordinates": [
          [
            -3.05,
            41.7333
          ],
          [
            -2.879571829278525,
            41.80072711109401
          ]
        ]
      },
      "properties": {
        "origen_nombre": "Ermita de San Bartolomé de Ucero",
        "origen_tipo": "Templo / Encomienda",
        "fecha_origen": 1200,
        "subcapa": "align_solar",
        "etiqueta_alineacion": "☀️ Solsticio de Verano",
        "acimut_grados": 62.0,
        "explicacion_alineacion": "Eje orientado a la salida del Sol en el Solsticio de Verano en el año 1200 (Az 62.0°)."
      }
    },
    {
      "type": "Feature",
      "geometry": {
        "type": "LineString",
        "coordinates": [
          [
            -1.76,
            42.6711
          ],
          [
            -1.5873928193121014,
            42.603417398991844
          ]
        ]
      },
      "properties": {
        "origen_nombre": "Santa María de Eunate",
        "origen_tipo": "Templo / Encomienda",
        "fecha_origen": 1100,
        "subcapa": "align_solar",
        "etiqueta_alineacion": "☀️ Solsticio de Invierno",
        "acimut_grados": 118.0,
        "explicacion_alineacion": "Eje orientado a la salida del Sol en el Solsticio de Invierno en el año 1100 (Az 118.0°)."
      }
    },
    {
      "type": "Feature",
      "geometry": {
        "type": "LineString",
        "coordinates": [
          [
            0.195,
            41.91
          ],
          [
            0.33890546183690506,
            42.00619242336578
          ]
        ]
      },
      "properties": {
        "origen_nombre": "Castillo de Monzón",
        "origen_tipo": "Templo / Encomienda",
        "fecha_origen": 1050,
        "subcapa": "align_stellar",
        "etiqueta_alineacion": "⭐ Puntería a Arturo (Boötes)",
        "acimut_grados": 48.0,
        "explicacion_alineacion": "Eje astronómico proyectado exactamente hacia la salida de Arturo (Boötes) en el año 1050 (Az 48.0°)."
      }
    },
    {
      "type": "Feature",
      "geometry": {
        "type": "LineString",
        "coordinates": [
          [
            -8.4194,
            39.6036
          ],
          [
            -8.23264301533625,
            39.60345050710567
          ]
        ]
      },
      "properties": {
        "origen_nombre": "Convento de Cristo, Tomar",
        "origen_tipo": "Templo / Encomienda",
        "fecha_origen": 1100,
        "subcapa": "align_solar",
        "etiqueta_alineacion": "☀️ Equinoccio (Este Puro)",
        "acimut_grados": 90.0,
        "explicacion_alineacion": "Eje de orientación equinoccial exacta hacia el orto solar (Az 90.0°)."
      }
    },
    {
      "type": "Feature",
      "geometry": {
        "type": "LineString",
        "coordinates": [
          [
            -8.3847,
            39.4622
          ],
          [
            -8.219978874028088,
            39.52963681927002
          ]
        ]
      },
      "properties": {
        "origen_nombre": "Castelo de Almourol",
        "origen_tipo": "Templo / Encomienda",
        "fecha_origen": 1171,
        "subcapa": "align_solar",
        "etiqueta_alineacion": "☀️ Solsticio de Verano",
        "acimut_grados": 62.0,
        "explicacion_alineacion": "Eje orientado a la salida del Sol en el Solsticio de Verano en el año 1171 (Az 62.0°)."
      }
    },
    {
      "type": "Feature",
      "geometry": {
        "type": "LineString",
        "coordinates": [
          [
            0.5833,
            41.0333
          ],
          [
            0.7515534107743277,
            40.96562464249873
          ]
        ]
      },
      "properties": {
        "origen_nombre": "Castillo de Miravet",
        "origen_tipo": "Templo / Encomienda",
        "fecha_origen": 1100,
        "subcapa": "align_solar",
        "etiqueta_alineacion": "☀️ Solsticio de Invierno",
        "acimut_grados": 118.0,
        "explicacion_alineacion": "Eje orientado a la salida del Sol en el Solsticio de Invierno en el año 1100 (Az 118.0°)."
      }
    },
    {
      "type": "Feature",
      "geometry": {
        "type": "LineString",
        "coordinates": [
          [
            -8.2903,
            41.4475
          ],
          [
            -8.147428514595507,
            41.543693871651904
          ]
        ]
      },
      "properties": {
        "origen_nombre": "Capela de São Miguel do Castelo",
        "origen_tipo": "Templo / Encomienda",
        "fecha_origen": 1100,
        "subcapa": "align_stellar",
        "etiqueta_alineacion": "⭐ Puntería a Arturo (Boötes)",
        "acimut_grados": 48.0,
        "explicacion_alineacion": "Eje astronómico proyectado exactamente hacia la salida de Arturo (Boötes) en el año 1100 (Az 48.0°)."
      }
    },
    {
      "type": "Feature",
      "geometry": {
        "type": "LineString",
        "coordinates": [
          [
            -7.1667,
            40.1667
          ],
          [
            -6.978402832723551,
            40.16654749115988
          ]
        ]
      },
      "properties": {
        "origen_nombre": "Castelo de Penamacor",
        "origen_tipo": "Templo / Encomienda",
        "fecha_origen": 1100,
        "subcapa": "align_solar",
        "etiqueta_alineacion": "☀️ Equinoccio (Este Puro)",
        "acimut_grados": 90.0,
        "explicacion_alineacion": "Eje de orientación equinoccial exacta hacia el orto solar (Az 90.0°)."
      }
    },
    {
      "type": "Feature",
      "geometry": {
        "type": "LineString",
        "coordinates": [
          [
            -2.2667,
            42.55
          ],
          [
            -2.0940540011797113,
            42.61742345118605
          ]
        ]
      },
      "properties": {
        "origen_nombre": "Iglesia del Santo Sepulcro",
        "origen_tipo": "Templo / Encomienda",
        "fecha_origen": 1100,
        "subcapa": "align_solar",
        "etiqueta_alineacion": "☀️ Solsticio de Verano",
        "acimut_grados": 62.0,
        "explicacion_alineacion": "Eje orientado a la salida del Sol en el Solsticio de Verano en el año 1100 (Az 62.0°)."
      }
    },
    {
      "type": "Feature",
      "geometry": {
        "type": "LineString",
        "coordinates": [
          [
            -4.1333,
            40.95
          ],
          [
            -3.9652585283190396,
            40.88232500121381
          ]
        ]
      },
      "properties": {
        "origen_nombre": "Iglesia de la Vera Cruz",
        "origen_tipo": "Templo / Encomienda",
        "fecha_origen": 1200,
        "subcapa": "align_solar",
        "etiqueta_alineacion": "☀️ Solsticio de Invierno",
        "acimut_grados": 118.0,
        "explicacion_alineacion": "Eje orientado a la salida del Sol en el Solsticio de Invierno en el año 1200 (Az 118.0°)."
      }
    },
    {
      "type": "Feature",
      "geometry": {
        "type": "LineString",
        "coordinates": [
          [
            -7.5,
            39.8333
          ],
          [
            -7.360553818231598,
            39.929498769176185
          ]
        ]
      },
      "properties": {
        "origen_nombre": "Castelo de Castelo Branco",
        "origen_tipo": "Templo / Encomienda",
        "fecha_origen": 1200,
        "subcapa": "align_stellar",
        "etiqueta_alineacion": "⭐ Puntería a Arturo (Boötes)",
        "acimut_grados": 48.0,
        "explicacion_alineacion": "Eje astronómico proyectado exactamente hacia la salida de Arturo (Boötes) en el año 1200 (Az 48.0°)."
      }
    },
    {
      "type": "Feature",
      "geometry": {
        "type": "LineString",
        "coordinates": [
          [
            -8.6333,
            40.05
          ],
          [
            -8.445325605967335,
            40.04984812028554
          ]
        ]
      },
      "properties": {
        "origen_nombre": "Castelo de Soure",
        "origen_tipo": "Templo / Encomienda",
        "fecha_origen": 1100,
        "subcapa": "align_solar",
        "etiqueta_alineacion": "☀️ Equinoccio (Este Puro)",
        "acimut_grados": 90.0,
        "explicacion_alineacion": "Eje de orientación equinoccial exacta hacia el orto solar (Az 90.0°)."
      }
    },
    {
      "type": "Feature",
      "geometry": {
        "type": "LineString",
        "coordinates": [
          [
            -8.6167,
            39.9167
          ],
          [
            -8.450888273139306,
            39.98413492858877
          ]
        ]
      },
      "properties": {
        "origen_nombre": "Castelo de Pombal",
        "origen_tipo": "Templo / Encomienda",
        "fecha_origen": 1100,
        "subcapa": "align_solar",
        "etiqueta_alineacion": "☀️ Solsticio de Verano",
        "acimut_grados": 62.0,
        "explicacion_alineacion": "Eje orientado a la salida del Sol en el Solsticio de Verano en el año 1100 (Az 62.0°)."
      }
    },
    {
      "type": "Feature",
      "geometry": {
        "type": "LineString",
        "coordinates": [
          [
            -7.1167,
            40.0333
          ],
          [
            -6.950933165798269,
            39.9656288902972
          ]
        ]
      },
      "properties": {
        "origen_nombre": "Castelo de Monsanto",
        "origen_tipo": "Templo / Encomienda",
        "fecha_origen": 1100,
        "subcapa": "align_solar",
        "etiqueta_alineacion": "☀️ Solsticio de Invierno",
        "acimut_grados": 118.0,
        "explicacion_alineacion": "Eje orientado a la salida del Sol en el Solsticio de Invierno en el año 1100 (Az 118.0°)."
      }
    }
  ]
}